"Fiscal.Year","Pricing.Mechanism","ProductOrServiceArea","SubCustomer","Query_Run","Action.Obligation","SumOfnumberOfActions","SubCustomer.sum","SubCustomer.detail","SubCustomer.component","Subcustomer.Obsolete","ServicesCategory.detail","ServicesCategory.sum","ProductsCategory.detail","ProductOrServiceArea.DLA","Pricing.Mechanism.Code","Pricing.Mechanism.detail","Pricing.Mechanism.sum","Pricing.Mechanism.hypothesis","Pricing.Mechanism.Incentive","Pricing.Mechanism.Correlation","IsCostBased","IsFixedPrice","IsIncentive","Deflator.2013","Deflator.2012","Deflator.2011","Deflator.2005","Deflator.2014","Obligation.2013","Obligation.2014","LogOfAction.Obligation"
2000-09-30,"Firm Fixed Price","MED","MilitaryHealth","08:22.5",1367087988,153,"Other DoD","Other DoD","MilitaryHealth",FALSE,"MED","Services (Non-R&D)","Services (Non-R&D)","Other Services","J","Fixed Price (Firm)","Fixed","Fixed","FALSE","Fixed",NA,"Combination 
or Unlabeled",NA,0.734505863,0.749316473,0.766675409,0.877,0.7364,1.86123495654112,1.85644756653992,9.13579646736455
2000-09-30,"Not Reported","PAMS","MilitaryHealth","08:22.5",1253818,2,"Other DoD","Other DoD","MilitaryHealth",FALSE,"PAMS","Services (Non-R&D)","Services","PAMS","NO","Unlabeled","Unlabeled","Unlabeled","Unlabeled","Unlabeled",1,"Other",1,0.734505863,0.749316473,0.766675409,0.877,0.7364,0.00170702245299845,0.00170263172189028,6.09823450034467
2000-09-30,"Not Reported","ICT","MilitaryHealth","08:22.5",939214,2,"Other DoD","Other DoD","MilitaryHealth",FALSE,"ICT","Services (Non-R&D)","Services (Non-R&D)","ICT","NO","Unlabeled","Unlabeled","Unlabeled","Unlabeled","Unlabeled",1,"Other",1,0.734505863,0.749316473,0.766675409,0.877,0.7364,0.00127870184203009,0.00127541281912004,5.97276455758053
2000-09-30,"Fixed Price Incentive","MED","MilitaryHealth","08:22.5",-248256,2,"Other DoD","Other DoD","MilitaryHealth",FALSE,"MED","Services (Non-R&D)","Services (Non-R&D)","Other Services","L","Fixed Price (Other)","Fixed","Fixed","TRUE","Fixed",1,"Other",1,0.734505863,0.749316473,0.766675409,0.877,0.7364,-0.000337990494706235,-0.00033712112982075,NA
2000-09-30,"Cost Plus Fixed Fee","PAMS","MilitaryHealth","08:22.5",773374,1,"Other DoD","Other DoD","MilitaryHealth",FALSE,"PAMS","Services (Non-R&D)","Services","PAMS","U","Cost (Other)","Cost+","Cost+","","Other",NA,"Combination 
or Unlabeled",NA,0.734505863,0.749316473,0.766675409,0.877,0.7364,0.0010529173951604,0.00105020912547529,5.88838956747026
2001-09-30,"Fixed Price with Economic Price Adjustment","MED","MilitaryHealth","08:22.5",31559,1,"Other DoD","Other DoD","MilitaryHealth",FALSE,"MED","Services (Non-R&D)","Services (Non-R&D)","Other Services","K","Fixed Price (Other)","Fixed","Fixed","FALSE","Fixed",1,"Other",1,0.753098827,0.768284347,0.7860827,0.8992,0.756,4.19055227130237e-05,4.1744708994709e-05,4.49912323340422
2001-09-30,"Firm Fixed Price","PAMS","MilitaryHealth","08:22.5",49999,1,"Other DoD","Other DoD","MilitaryHealth",FALSE,"PAMS","Services (Non-R&D)","Services","PAMS","J","Fixed Price (Firm)","Fixed","Fixed","FALSE","Fixed",NA,"Combination 
or Unlabeled",NA,0.753098827,0.768284347,0.7860827,0.8992,0.756,6.63910209489677e-05,6.61362433862434e-05,4.69896131835952
2001-09-30,"Not Reported","ICT","MilitaryHealth","08:22.5",34547,1,"Other DoD","Other DoD","MilitaryHealth",FALSE,"ICT","Services (Non-R&D)","Services (Non-R&D)","ICT","NO","Unlabeled","Unlabeled","Unlabeled","Unlabeled","Unlabeled",1,"Other",1,0.753098827,0.768284347,0.7860827,0.8992,0.756,4.58731294770693e-05,4.56970899470899e-05,4.53841033998767
2001-09-30,"Not Reported","MED","MilitaryHealth","08:22.5",86059,2,"Other DoD","Other DoD","MilitaryHealth",FALSE,"MED","Services (Non-R&D)","Services (Non-R&D)","Other Services","NO","Unlabeled","Unlabeled","Unlabeled","Unlabeled","Unlabeled",1,"Other",1,0.753098827,0.768284347,0.7860827,0.8992,0.756,0.000114273182900602,0.000113834656084656,4.93479629530214
2001-09-30,"Firm Fixed Price","ICT","MilitaryHealth","08:22.5",92160,1,"Other DoD","Other DoD","MilitaryHealth",FALSE,"ICT","Services (Non-R&D)","Services (Non-R&D)","ICT","J","Fixed Price (Firm)","Fixed","Fixed","FALSE","Fixed",NA,"Combination 
or Unlabeled",NA,0.753098827,0.768284347,0.7860827,0.8992,0.756,0.000122374377300683,0.000121904761904762,4.96454246607914
2001-09-30,"Cost Plus Fixed Fee","MED","MilitaryHealth","08:22.5",1357076,2,"Other DoD","Other DoD","MilitaryHealth",FALSE,"MED","Services (Non-R&D)","Services (Non-R&D)","Other Services","U","Cost (Other)","Cost+","Cost+","","Other",NA,"Combination 
or Unlabeled",NA,0.753098827,0.768284347,0.7860827,0.8992,0.756,0.00180198926269208,0.00179507407407407,6.13260417002995
2001-09-30,"Not Reported","PAMS","MilitaryHealth","08:22.5",1113246,3,"Other DoD","Other DoD","MilitaryHealth",FALSE,"PAMS","Services (Non-R&D)","Services","PAMS","NO","Unlabeled","Unlabeled","Unlabeled","Unlabeled","Unlabeled",1,"Other",1,0.753098827,0.768284347,0.7860827,0.8992,0.756,0.00147822033455378,0.00147254761904762,6.0465911433442
2001-09-30,"Not Reported","Electronics & Communications","MilitaryHealth","08:22.5",264305,1,"Other DoD","Other DoD","MilitaryHealth",FALSE,"Products","Products (All)","Electronics & Communications","Electronics & Comm.","NO","Unlabeled","Unlabeled","Unlabeled","Unlabeled","Unlabeled",1,"Other",1,0.753098827,0.768284347,0.7860827,0.8992,0.756,0.000350956594970238,0.000349609788359788,5.42210537899198
2001-09-30,"Firm Fixed Price","MED","MilitaryHealth","08:22.5",2114029594,323,"Other DoD","Other DoD","MilitaryHealth",FALSE,"MED","Services (Non-R&D)","Services (Non-R&D)","Other Services","J","Fixed Price (Firm)","Fixed","Fixed","FALSE","Fixed",NA,"Combination 
or Unlabeled",NA,0.753098827,0.768284347,0.7860827,0.8992,0.756,2.8071078033959,2.79633544179894,9.32511106264072
2001-09-30,"Fixed Price Redetermination","MED","MilitaryHealth","08:22.5",2.31e+08,1,"Other DoD","Other DoD","MilitaryHealth",FALSE,"MED","Services (Non-R&D)","Services (Non-R&D)","Other Services","A","Fixed Price (Other)","Fixed","Fixed","FALSE","Fixed",1,"Other",1,0.753098827,0.768284347,0.7860827,0.8992,0.756,0.306732651437259,0.305555555555556,8.36361197989214
2002-09-30,"Cost Plus Award Fee","PAMS","MilitaryHealth","08:22.5",-111642,1,"Other DoD","Other DoD","MilitaryHealth",FALSE,"PAMS","Services (Non-R&D)","Services","PAMS","R","Cost (Other)","Cost+","Cost+","","Other",NA,"Combination 
or Unlabeled",NA,0.765326633,0.780758715,0.798846053,0.9138,0.7686,-0.000145874970484661,-0.000145253708040593,NA
2002-09-30,"Not Reported","Electronics & Communications","MilitaryHealth","08:22.5",97991,3,"Other DoD","Other DoD","MilitaryHealth",FALSE,"Products","Products (All)","Electronics & Communications","Electronics & Comm.","NO","Unlabeled","Unlabeled","Unlabeled","Unlabeled","Unlabeled",1,"Other",1,0.765326633,0.780758715,0.798846053,0.9138,0.7686,0.000128038141853088,0.000127492844132188,4.99118618967385
2002-09-30,"Firm Fixed Price","PAMS","MilitaryHealth","08:22.5",1279533,6,"Other DoD","Other DoD","MilitaryHealth",FALSE,"PAMS","Services (Non-R&D)","Services","PAMS","J","Fixed Price (Firm)","Fixed","Fixed","FALSE","Fixed",NA,"Combination 
or Unlabeled",NA,0.765326633,0.780758715,0.798846053,0.9138,0.7686,0.0016718783129033,0.00166475800156128,6.10705149110878
2002-09-30,"Fixed Price Redetermination","MED","MilitaryHealth","08:22.5",1620000,1,"Other DoD","Other DoD","MilitaryHealth",FALSE,"MED","Services (Non-R&D)","Services (Non-R&D)","Other Services","A","Fixed Price (Other)","Fixed","Fixed","FALSE","Fixed",1,"Other",1,0.765326633,0.780758715,0.798846053,0.9138,0.7686,0.00211674327032077,0.00210772833723653,6.20951501454263
2002-09-30,"Not Reported","ICT","MilitaryHealth","08:22.5",-45921,5,"Other DoD","Other DoD","MilitaryHealth",FALSE,"ICT","Services (Non-R&D)","Services (Non-R&D)","ICT","NO","Unlabeled","Unlabeled","Unlabeled","Unlabeled","Unlabeled",1,"Other",1,0.765326633,0.780758715,0.798846053,0.9138,0.7686,-6.00018319237036e-05,-5.97462919594067e-05,NA
2002-09-30,"Fixed Price Award Fee","PAMS","MilitaryHealth","08:22.5",711663,3,"Other DoD","Other DoD","MilitaryHealth",FALSE,"PAMS","Services (Non-R&D)","Services","PAMS","M","Fixed Price (Other)","Fixed","Fixed","FALSE","Fixed",0,"Fixed Price",0,0.765326633,0.780758715,0.798846053,0.9138,0.7686,0.000929881398756967,0.000925921155347385,5.85227438705281
2002-09-30,"Firm Fixed Price","MED","MilitaryHealth","08:22.5",4178951837,351,"Other DoD","Other DoD","MilitaryHealth",FALSE,"MED","Services (Non-R&D)","Services (Non-R&D)","Other Services","J","Fixed Price (Firm)","Fixed","Fixed","FALSE","Fixed",NA,"Combination 
or Unlabeled",NA,0.765326633,0.780758715,0.798846053,0.9138,0.7686,5.46035072713849,5.43709580666146,9.62106736586828
2002-09-30,"Not Reported","PAMS","MilitaryHealth","08:22.5",2183497,7,"Other DoD","Other DoD","MilitaryHealth",FALSE,"PAMS","Services (Non-R&D)","Services","PAMS","NO","Unlabeled","Unlabeled","Unlabeled","Unlabeled","Unlabeled",1,"Other",1,0.765326633,0.780758715,0.798846053,0.9138,0.7686,0.00285302628426888,0.00284087561800677,6.33915259956199
2003-09-30,"Not Reported","Unlabeled","MilitaryHealth","08:22.5",0,1,"Other DoD","Other DoD","MilitaryHealth",FALSE,"Unlabeled","Unlabeled","Unlabeled","Unlabeled","NO","Unlabeled","Unlabeled","Unlabeled","Unlabeled","Unlabeled",1,"Other",1,0.785427136,0.801264525,0.819826908,0.9378,0.7903,0,0,0
2003-09-30,"Firm Fixed Price","MED","MilitaryHealth","08:22.5",5706310867,574,"Other DoD","Other DoD","MilitaryHealth",FALSE,"MED","Services (Non-R&D)","Services (Non-R&D)","Other Services","J","Fixed Price (Firm)","Fixed","Fixed","FALSE","Fixed",NA,"Combination 
or Unlabeled",NA,0.785427136,0.801264525,0.819826908,0.9378,0.7903,7.26523264278967,7.22043637479438,9.75635542735351
2003-09-30,"Firm Fixed Price","PAMS","MilitaryHealth","08:22.5",1221393,9,"Other DoD","Other DoD","MilitaryHealth",FALSE,"PAMS","Services (Non-R&D)","Services","PAMS","J","Fixed Price (Firm)","Fixed","Fixed","FALSE","Fixed",NA,"Combination 
or Unlabeled",NA,0.785427136,0.801264525,0.819826908,0.9378,0.7903,0.00155506850224233,0.00154548019739339,6.08685542665536
2003-09-30,"Firm Fixed Price","ICT","MilitaryHealth","08:22.5",130440,3,"Other DoD","Other DoD","MilitaryHealth",FALSE,"ICT","Services (Non-R&D)","Services (Non-R&D)","ICT","J","Fixed Price (Firm)","Fixed","Fixed","FALSE","Fixed",NA,"Combination 
or Unlabeled",NA,0.785427136,0.801264525,0.819826908,0.9378,0.7903,0.000166075239855222,0.000165051246362141,5.11541079013392
2003-09-30,"Not Reported","ICT","MilitaryHealth","08:22.5",137366,7,"Other DoD","Other DoD","MilitaryHealth",FALSE,"ICT","Services (Non-R&D)","Services (Non-R&D)","ICT","NO","Unlabeled","Unlabeled","Unlabeled","Unlabeled","Unlabeled",1,"Other",1,0.785427136,0.801264525,0.819826908,0.9378,0.7903,0.000174893371649436,0.000173815006959382,5.13787925208575
2003-09-30,"Fixed Price Incentive","MED","MilitaryHealth","08:22.5",6730355,4,"Other DoD","Other DoD","MilitaryHealth",FALSE,"MED","Services (Non-R&D)","Services (Non-R&D)","Other Services","L","Fixed Price (Other)","Fixed","Fixed","TRUE","Fixed",1,"Other",1,0.785427136,0.801264525,0.819826908,0.9378,0.7903,0.00856903803231978,0.00851620270783247,6.82803797216974
2003-09-30,"Fixed Price Award Fee","PAMS","MilitaryHealth","08:22.5",-1192692,5,"Other DoD","Other DoD","MilitaryHealth",FALSE,"PAMS","Services (Non-R&D)","Services","PAMS","M","Fixed Price (Other)","Fixed","Fixed","FALSE","Fixed",0,"Fixed Price",0,0.785427136,0.801264525,0.819826908,0.9378,0.7903,-0.00151852660206535,-0.00150916360875617,NA
2003-09-30,"Fixed Price Level of Effort","PAMS","MilitaryHealth","08:22.5",0,1,"Other DoD","Other DoD","MilitaryHealth",FALSE,"PAMS","Services (Non-R&D)","Services","PAMS","B","Fixed Price (Other)","Fixed","Other","FALSE","Fixed",1,"Other",1,0.785427136,0.801264525,0.819826908,0.9378,0.7903,0,0,0
2003-09-30,"Cost Plus Incentive","MED","MilitaryHealth","08:22.5",133236248,7,"Other DoD","Other DoD","MilitaryHealth",FALSE,"MED","Services (Non-R&D)","Services (Non-R&D)","Other Services","V","Cost (Plus Incentive)","Cost+","Cost+","","Other",NA,"Combination 
or Unlabeled",NA,0.785427136,0.801264525,0.819826908,0.9378,0.7903,0.16963540205466,0.168589457168164,8.1246223942395
2003-09-30,"Not Reported","PAMS","MilitaryHealth","08:22.5",706817,13,"Other DoD","Other DoD","MilitaryHealth",FALSE,"PAMS","Services (Non-R&D)","Services","PAMS","NO","Unlabeled","Unlabeled","Unlabeled","Unlabeled","Unlabeled",1,"Other",1,0.785427136,0.801264525,0.819826908,0.9378,0.7903,0.000899914158300739,0.000894365430849045,5.8493069863885
2003-09-30,"Fixed Price Redetermination","MED","MilitaryHealth","08:22.5",36226981,3,"Other DoD","Other DoD","MilitaryHealth",FALSE,"MED","Services (Non-R&D)","Services (Non-R&D)","Other Services","A","Fixed Price (Other)","Fixed","Fixed","FALSE","Fixed",1,"Other",1,0.785427136,0.801264525,0.819826908,0.9378,0.7903,0.0461239233272429,0.0458395305580159,7.55903214331769
2004-09-30,"Not Reported","ICT","MilitaryHealth","08:22.5",73773,2,"Other DoD","Other DoD","MilitaryHealth",FALSE,"ICT","Services (Non-R&D)","Services (Non-R&D)","ICT","NO","Unlabeled","Unlabeled","Unlabeled","Unlabeled","Unlabeled",1,"Other",1,0.807788945,0.824077239,0.843168109,0.9645,0.811,9.13270730636206e-05,9.09654747225647e-05,4.86789744452595
2004-09-30,"Fixed Price Incentive","MED","MilitaryHealth","08:22.5",17358785,11,"Other DoD","Other DoD","MilitaryHealth",FALSE,"MED","Services (Non-R&D)","Services (Non-R&D)","Other Services","L","Fixed Price (Other)","Fixed","Fixed","TRUE","Fixed",1,"Other",1,0.807788945,0.824077239,0.843168109,0.9645,0.811,0.0214892579397704,0.0214041738594328,7.23951932416641
2004-09-30,"Not Reported","Other","MilitaryHealth","08:22.5",66884,2,"Other DoD","Other DoD","MilitaryHealth",FALSE,"Products","Products (All)","Other","Other Products","NO","Unlabeled","Unlabeled","Unlabeled","Unlabeled","Unlabeled",1,"Other",1,0.807788945,0.824077239,0.843168109,0.9645,0.811,8.2798855337145e-05,8.24710234278668e-05,4.82532223820459
2004-09-30,"Fixed Price Award Fee","PAMS","MilitaryHealth","08:22.5",-418608,1,"Other DoD","Other DoD","MilitaryHealth",FALSE,"PAMS","Services (Non-R&D)","Services","PAMS","M","Fixed Price (Other)","Fixed","Fixed","FALSE","Fixed",0,"Fixed Price",0,0.807788945,0.824077239,0.843168109,0.9645,0.811,-0.000518214569029538,-0.000516162762022195,NA
2004-09-30,"Firm Fixed Price","PAMS","MilitaryHealth","08:22.5",0,NA,"Other DoD","Other DoD","MilitaryHealth",FALSE,"PAMS","Services (Non-R&D)","Services","PAMS","J","Fixed Price (Firm)","Fixed","Fixed","FALSE","Fixed",NA,"Combination 
or Unlabeled",NA,0.807788945,0.824077239,0.843168109,0.9645,0.811,0,0,0
2004-09-30,"Not Reported","PAMS","MilitaryHealth","08:22.5",495759,5,"Other DoD","Other DoD","MilitaryHealth",FALSE,"PAMS","Services (Non-R&D)","Services","PAMS","NO","Unlabeled","Unlabeled","Unlabeled","Unlabeled","Unlabeled",1,"Other",1,0.807788945,0.824077239,0.843168109,0.9645,0.811,0.000613723427472754,0.0006112934648582,5.69527060712315
2004-09-30,"Firm Fixed Price","MED","MilitaryHealth","08:22.5",4346407610,603,"Other DoD","Other DoD","MilitaryHealth",FALSE,"MED","Services (Non-R&D)","Services (Non-R&D)","Other Services","J","Fixed Price (Firm)","Fixed","Fixed","FALSE","Fixed",NA,"Combination 
or Unlabeled",NA,0.807788945,0.824077239,0.843168109,0.9645,0.811,5.38062279374225,5.35931887792848,9.63813045242004
2004-09-30,"Fixed Price Redetermination","PAMS","MilitaryHealth","08:22.5",1154288,4,"Other DoD","Other DoD","MilitaryHealth",FALSE,"PAMS","Services (Non-R&D)","Services","PAMS","A","Fixed Price (Other)","Fixed","Fixed","FALSE","Fixed",1,"Other",1,0.807788945,0.824077239,0.843168109,0.9645,0.811,0.00142894750806475,0.00142328976572133,6.06231418074855
2004-09-30,"Order Dependent (IDV only)","MED","MilitaryHealth","08:22.5",0,NA,"Other DoD","Other DoD","MilitaryHealth",FALSE,"MED","Services (Non-R&D)","Services (Non-R&D)","Other Services","1","Unlabeled","Unlabeled","Unlabeled","Unlabeled","Unlabeled",1,"Other",1,0.807788945,0.824077239,0.843168109,0.9645,0.811,0,0,0
2004-09-30,"Cost Plus Fixed Fee","PAMS","MilitaryHealth","08:22.5",-141708,9,"Other DoD","Other DoD","MilitaryHealth",FALSE,"PAMS","Services (Non-R&D)","Services","PAMS","U","Cost (Other)","Cost+","Cost+","","Other",NA,"Combination 
or Unlabeled",NA,0.807788945,0.824077239,0.843168109,0.9645,0.811,-0.000175427010826448,-0.000174732429099877,NA
2004-09-30,"Firm Fixed Price","ERS","MilitaryHealth","08:22.5",8400,1,"Other DoD","Other DoD","MilitaryHealth",FALSE,"ERS","Services (Non-R&D)","Services (Non-R&D)","Other Services","J","Fixed Price (Firm)","Fixed","Fixed","FALSE","Fixed",NA,"Combination 
or Unlabeled",NA,0.807788945,0.824077239,0.843168109,0.9645,0.811,1.03987558284794e-05,1.03575832305795e-05,3.92427928606188
2004-09-30,"Cost Plus Incentive","MED","MilitaryHealth","08:22.5",653493285.9,65,"Other DoD","Other DoD","MilitaryHealth",FALSE,"MED","Services (Non-R&D)","Services (Non-R&D)","Other Services","V","Cost (Plus Incentive)","Cost+","Cost+","","Other",NA,"Combination 
or Unlabeled",NA,0.807788945,0.824077239,0.843168109,0.9645,0.811,0.808990132812476,0.805787035635019,8.81524112992489
2004-09-30,"Fixed Price Redetermination","MED","MilitaryHealth","08:22.5",103219655,18,"Other DoD","Other DoD","MilitaryHealth",FALSE,"MED","Services (Non-R&D)","Services (Non-R&D)","Other Services","A","Fixed Price (Other)","Fixed","Fixed","FALSE","Fixed",1,"Other",1,0.807788945,0.824077239,0.843168109,0.9645,0.811,0.127780474886296,0.12727454377312,8.01376240315627
2004-09-30,"Firm Fixed Price","Other","MilitaryHealth","08:22.5",62264,1,"Other DoD","Other DoD","MilitaryHealth",FALSE,"Products","Products (All)","Other","Other Products","J","Fixed Price (Firm)","Fixed","Fixed","FALSE","Fixed",NA,"Combination 
or Unlabeled",NA,0.807788945,0.824077239,0.843168109,0.9645,0.811,7.70795396314813e-05,7.67743526510481e-05,4.79423701744071
2004-09-30,"Not Reported","Electronics & Communications","MilitaryHealth","08:22.5",333415,7,"Other DoD","Other DoD","MilitaryHealth",FALSE,"Products","Products (All)","Electronics & Communications","Electronics & Comm.","NO","Unlabeled","Unlabeled","Unlabeled","Unlabeled","Unlabeled",1,"Other",1,0.807788945,0.824077239,0.843168109,0.9645,0.811,0.000412750139827675,0.000411115906288533,5.52298513439627
2004-09-30,"Firm Fixed Price","ICT","MilitaryHealth","08:22.5",203376,9,"Other DoD","Other DoD","MilitaryHealth",FALSE,"ICT","Services (Non-R&D)","Services (Non-R&D)","ICT","J","Fixed Price (Firm)","Fixed","Fixed","FALSE","Fixed",NA,"Combination 
or Unlabeled",NA,0.807788945,0.824077239,0.843168109,0.9645,0.811,0.000251768733972956,0.000250771886559803,5.30829970137658
2004-09-30,"Cost Plus Fixed Fee","MED","MilitaryHealth","08:22.5",-53110,2,"Other DoD","Other DoD","MilitaryHealth",FALSE,"MED","Services (Non-R&D)","Services (Non-R&D)","Other Services","U","Cost (Other)","Cost+","Cost+","","Other",NA,"Combination 
or Unlabeled",NA,0.807788945,0.824077239,0.843168109,0.9645,0.811,-6.57473716726836e-05,-6.54870530209618e-05,NA
2004-09-30,"Firm Fixed Price","Electronics & Communications","MilitaryHealth","08:22.5",149531,6,"Other DoD","Other DoD","MilitaryHealth",FALSE,"Products","Products (All)","Electronics & Communications","Electronics & Comm.","J","Fixed Price (Firm)","Fixed","Fixed","FALSE","Fixed",NA,"Combination 
or Unlabeled",NA,0.807788945,0.824077239,0.843168109,0.9645,0.811,0.000185111471165281,0.000184378545006165,5.17473123769917
2004-09-30,"Not Reported","MED","MilitaryHealth","08:22.5",10567,2,"Other DoD","Other DoD","MilitaryHealth",FALSE,"MED","Services (Non-R&D)","Services (Non-R&D)","Other Services","NO","Unlabeled","Unlabeled","Unlabeled","Unlabeled","Unlabeled",1,"Other",1,0.807788945,0.824077239,0.843168109,0.9645,0.811,1.30813872428026e-05,1.30295930949445e-05,4.02395170742339
2005-09-30,"Not Reported","PAMS","MilitaryHealth","08:22.5",208693,4,"Other DoD","Other DoD","MilitaryHealth",FALSE,"PAMS","Services (Non-R&D)","Services","PAMS","NO","Unlabeled","Unlabeled","Unlabeled","Unlabeled","Unlabeled",1,"Other",1,0.837520938,0.854408749,0.87420229,1,0.8391,0.000249179442006977,0.000248710523179597,5.31950788216388
2005-09-30,"Firm Fixed Price","Clothing & Subsistence","MilitaryHealth","08:22.5",1503094,3,"Other DoD","Other DoD","MilitaryHealth",FALSE,"Products","Products (All)","Clothing & Subsistence","Clothing & Sub.","J","Fixed Price (Firm)","Fixed","Fixed","FALSE","Fixed",NA,"Combination 
or Unlabeled",NA,0.837520938,0.854408749,0.87420229,1,0.8391,0.00179469423605025,0.00179131688714098,6.17698614120219
2005-09-30,"Cost Plus Award Fee","PAMS","MilitaryHealth","08:22.5",20071,2,"Other DoD","Other DoD","MilitaryHealth",FALSE,"PAMS","Services (Non-R&D)","Services","PAMS","R","Cost (Other)","Cost+","Cost+","","Other",NA,"Combination 
or Unlabeled",NA,0.837520938,0.854408749,0.87420229,1,0.8391,2.3964774000671e-05,2.39196758431653e-05,4.30256901093605
2005-09-30,"Firm Fixed Price","ICT","MilitaryHealth","08:22.5",115566,4,"Other DoD","Other DoD","MilitaryHealth",FALSE,"ICT","Services (Non-R&D)","Services (Non-R&D)","ICT","J","Fixed Price (Firm)","Fixed","Fixed","FALSE","Fixed",NA,"Combination 
or Unlabeled",NA,0.837520938,0.854408749,0.87420229,1,0.8391,0.000137985804003864,0.000137726135144798,5.06283008162531
2005-09-30,"Firm Fixed Price","MED","MilitaryHealth","08:22.5",441507639,356,"Other DoD","Other DoD","MilitaryHealth",FALSE,"MED","Services (Non-R&D)","Services (Non-R&D)","Other Services","J","Fixed Price (Firm)","Fixed","Fixed","FALSE","Fixed",NA,"Combination 
or Unlabeled",NA,0.837520938,0.854408749,0.87420229,1,0.8391,0.52716012098076,0.526168083661065,8.64493822217598
2005-09-30,"Fixed Price Redetermination","MED","MilitaryHealth","08:22.5",-3736453.2,18,"Other DoD","Other DoD","MilitaryHealth",FALSE,"MED","Services (Non-R&D)","Services (Non-R&D)","Other Services","A","Fixed Price (Other)","Fixed","Fixed","FALSE","Fixed",1,"Other",1,0.837520938,0.854408749,0.87420229,1,0.8391,-0.00446132512092492,-0.00445292956739364,NA
2005-09-30,"Firm Fixed Price","PAMS","MilitaryHealth","08:22.5",1841549,9,"Other DoD","Other DoD","MilitaryHealth",FALSE,"PAMS","Services (Non-R&D)","Services","PAMS","J","Fixed Price (Firm)","Fixed","Fixed","FALSE","Fixed",NA,"Combination 
or Unlabeled",NA,0.837520938,0.854408749,0.87420229,1,0.8391,0.00219880950606157,0.00219467167202956,6.26518327906739
2005-09-30,"Not Reported","Electronics & Communications","MilitaryHealth","08:22.5",378942,9,"Other DoD","Other DoD","MilitaryHealth",FALSE,"Products","Products (All)","Electronics & Communications","Electronics & Comm.","NO","Unlabeled","Unlabeled","Unlabeled","Unlabeled","Unlabeled",1,"Other",1,0.837520938,0.854408749,0.87420229,1,0.8391,0.000452456748012669,0.000451605291383625,5.5785727429297
2005-09-30,"Firm Fixed Price","Electronics & Communications","MilitaryHealth","08:22.5",19873,4,"Other DoD","Other DoD","MilitaryHealth",FALSE,"Products","Products (All)","Electronics & Communications","Electronics & Comm.","J","Fixed Price (Firm)","Fixed","Fixed","FALSE","Fixed",NA,"Combination 
or Unlabeled",NA,0.837520938,0.854408749,0.87420229,1,0.8391,2.37283620006644e-05,2.368370873555e-05,4.29826343254011
2005-09-30,"Firm Fixed Price","ERS","MilitaryHealth","08:22.5",37931,2,"Other DoD","Other DoD","MilitaryHealth",FALSE,"ERS","Services (Non-R&D)","Services (Non-R&D)","Other Services","J","Fixed Price (Firm)","Fixed","Fixed","FALSE","Fixed",NA,"Combination 
or Unlabeled",NA,0.837520938,0.854408749,0.87420229,1,0.8391,4.52896140012681e-05,4.52043856512931e-05,4.57899429244592
2005-09-30,"Not Reported","ICT","MilitaryHealth","08:22.5",184317,8,"Other DoD","Other DoD","MilitaryHealth",FALSE,"ICT","Services (Non-R&D)","Services (Non-R&D)","ICT","NO","Unlabeled","Unlabeled","Unlabeled","Unlabeled","Unlabeled",1,"Other",1,0.837520938,0.854408749,0.87420229,1,0.8391,0.000220074498006162,0.000219660350375402,5.26556539309051
2005-09-30,"Fixed Price Incentive","MED","MilitaryHealth","08:22.5",20514178,14,"Other DoD","Other DoD","MilitaryHealth",FALSE,"MED","Services (Non-R&D)","Services (Non-R&D)","Other Services","L","Fixed Price (Other)","Fixed","Fixed","TRUE","Fixed",1,"Other",1,0.837520938,0.854408749,0.87420229,1,0.8391,0.0244939285326858,0.0244478345846741,7.31205411953757
2005-09-30,"Cost Plus Incentive","MED","MilitaryHealth","08:22.5",5935949409,180,"Other DoD","Other DoD","MilitaryHealth",FALSE,"MED","Services (Non-R&D)","Services (Non-R&D)","Other Services","V","Cost (Plus Incentive)","Cost+","Cost+","","Other",NA,"Combination 
or Unlabeled",NA,0.837520938,0.854408749,0.87420229,1,0.8391,7.08752359454445,7.0741859242045,9.77349019087512
2005-09-30,"Fixed Price Award Fee","MED","MilitaryHealth","08:22.5",3654790,1,"Other DoD","Other DoD","MilitaryHealth",FALSE,"MED","Services (Non-R&D)","Services (Non-R&D)","Other Services","M","Fixed Price (Other)","Fixed","Fixed","FALSE","Fixed",0,"Fixed Price",0,0.837520938,0.854408749,0.87420229,1,0.8391,0.00436381926012219,0.00435560719818854,6.56286242795289
2005-09-30,"Firm Fixed Price","Other","MilitaryHealth","08:22.5",120031,5,"Other DoD","Other DoD","MilitaryHealth",FALSE,"Products","Products (All)","Other","Other Products","J","Fixed Price (Firm)","Fixed","Fixed","FALSE","Fixed",NA,"Combination 
or Unlabeled",NA,0.837520938,0.854408749,0.87420229,1,0.8391,0.000143317014004013,0.00014304731259683,5.07929342429972
2005-09-30,"Not Reported","ERS","MilitaryHealth","08:22.5",49621,1,"Other DoD","Other DoD","MilitaryHealth",FALSE,"ERS","Services (Non-R&D)","Services (Non-R&D)","Other Services","NO","Unlabeled","Unlabeled","Unlabeled","Unlabeled","Unlabeled",1,"Other",1,0.837520938,0.854408749,0.87420229,1,0.8391,5.92474740016589e-05,5.9135979025146e-05,4.69566551225594
2005-09-30,"Not Reported","Other","MilitaryHealth","08:22.5",141547,5,"Other DoD","Other DoD","MilitaryHealth",FALSE,"Products","Products (All)","Other","Other Products","NO","Unlabeled","Unlabeled","Unlabeled","Unlabeled","Unlabeled",1,"Other",1,0.837520938,0.854408749,0.87420229,1,0.8391,0.000169007118004732,0.000168689071624359,5.15090066919916
2005-09-30,"Fixed Price Redetermination","PAMS","MilitaryHealth","08:22.5",984011,1,"Other DoD","Other DoD","MilitaryHealth",FALSE,"PAMS","Services (Non-R&D)","Services","PAMS","A","Fixed Price (Other)","Fixed","Fixed","FALSE","Fixed",1,"Other",1,0.837520938,0.854408749,0.87420229,1,0.8391,0.0011749091340329,0.00117269812894768,5.99299995332219
2006-09-30,"Not Reported","ERS","MilitaryHealth","08:22.5",61267.76,3,"Other DoD","Other DoD","MilitaryHealth",FALSE,"ERS","Services (Non-R&D)","Services (Non-R&D)","Other Services","NO","Unlabeled","Unlabeled","Unlabeled","Unlabeled","Unlabeled",1,"Other",1,0.867169179,0.884654819,0.905149051,1.0354,0.868,7.0652603302452e-05,7.05849769585253e-05,4.7872320024566
2006-09-30,"Firm Fixed Price","FRS&C","MilitaryHealth","08:22.5",21334,3,"Other DoD","Other DoD","MilitaryHealth",FALSE,"FRS&C","Services (Non-R&D)","Services (Non-R&D)","FRS&C","J","Fixed Price (Firm)","Fixed","Fixed","FALSE","Fixed",NA,"Combination 
or Unlabeled",NA,0.867169179,0.884654819,0.905149051,1.0354,0.868,2.46018891314863e-05,2.45783410138249e-05,4.32907229075473
2006-09-30,"Fixed Price Award Fee","MED","MilitaryHealth","08:22.5",176268178.3,2,"Other DoD","Other DoD","MilitaryHealth",FALSE,"MED","Services (Non-R&D)","Services (Non-R&D)","Other Services","M","Fixed Price (Other)","Fixed","Fixed","FALSE","Fixed",0,"Fixed Price",0,0.867169179,0.884654819,0.905149051,1.0354,0.868,0.203268500044326,0.203073938133641,8.2461739161785
2006-09-30,"Firm Fixed Price","Electronics & Communications","MilitaryHealth","08:22.5",405358.59,29,"Other DoD","Other DoD","MilitaryHealth",FALSE,"Products","Products (All)","Electronics & Communications","Electronics & Comm.","J","Fixed Price (Firm)","Fixed","Fixed","FALSE","Fixed",NA,"Combination 
or Unlabeled",NA,0.867169179,0.884654819,0.905149051,1.0354,0.868,0.000467450412003169,0.000467002983870968,5.60783938063459
2006-09-30,"Firm Fixed Price","Other","MilitaryHealth","08:22.5",242379.88,12,"Other DoD","Other DoD","MilitaryHealth",FALSE,"Products","Products (All)","Other","Other Products","J","Fixed Price (Firm)","Fixed","Fixed","FALSE","Fixed",NA,"Combination 
or Unlabeled",NA,0.867169179,0.884654819,0.905149051,1.0354,0.868,0.000279507028005201,0.000279239493087558,5.38449656612281
2006-09-30,"Not Reported","ICT","MilitaryHealth","08:22.5",32393,1,"Other DoD","Other DoD","MilitaryHealth",FALSE,"ICT","Services (Non-R&D)","Services (Non-R&D)","ICT","NO","Unlabeled","Unlabeled","Unlabeled","Unlabeled","Unlabeled",1,"Other",1,0.867169179,0.884654819,0.905149051,1.0354,0.868,3.73548792835959e-05,3.73191244239631e-05,4.51045117101456
2006-09-30,"Fixed Price Redetermination","MED","MilitaryHealth","08:22.5",92349617,21,"Other DoD","Other DoD","MilitaryHealth",FALSE,"MED","Services (Non-R&D)","Services (Non-R&D)","Other Services","A","Fixed Price (Other)","Fixed","Fixed","FALSE","Fixed",1,"Other",1,0.867169179,0.884654819,0.905149051,1.0354,0.868,0.106495501957871,0.10639356797235,7.96543509863786
2006-09-30,"Firm Fixed Price","ERS","MilitaryHealth","08:22.5",93804.56,6,"Other DoD","Other DoD","MilitaryHealth",FALSE,"ERS","Services (Non-R&D)","Services (Non-R&D)","Other Services","J","Fixed Price (Firm)","Fixed","Fixed","FALSE","Fixed",NA,"Combination 
or Unlabeled",NA,0.867169179,0.884654819,0.905149051,1.0354,0.868,0.000108173309512883,0.000108069769585253,4.97222395068932
2006-09-30,"Combination (two or more)","MED","MilitaryHealth","08:22.5",0,3,"Other DoD","Other DoD","MilitaryHealth",FALSE,"MED","Services (Non-R&D)","Services (Non-R&D)","Other Services","2","Combination","Combination","Unlabeled","","Other",NA,"Combination 
or Unlabeled",NA,0.867169179,0.884654819,0.905149051,1.0354,0.868,0,0,0
2006-09-30,"Firm Fixed Price","MED","MilitaryHealth","08:22.5",914530966.7,181,"Other DoD","Other DoD","MilitaryHealth",FALSE,"MED","Services (Non-R&D)","Services (Non-R&D)","Other Services","J","Fixed Price (Firm)","Fixed","Fixed","FALSE","Fixed",NA,"Combination 
or Unlabeled",NA,0.867169179,0.884654819,0.905149051,1.0354,0.868,1.05461654870462,1.05360710449309,8.96119841559619
2006-09-30,"Fixed Price Incentive","MED","MilitaryHealth","08:22.5",65549211.36,22,"Other DoD","Other DoD","MilitaryHealth",FALSE,"MED","Services (Non-R&D)","Services (Non-R&D)","Other Services","L","Fixed Price (Other)","Fixed","Fixed","TRUE","Fixed",1,"Other",1,0.867169179,0.884654819,0.905149051,1.0354,0.868,0.0755898767476836,0.0755175246082949,7.81656747094509
2006-09-30,"Not Reported","Other","MilitaryHealth","08:22.5",156476,12,"Other DoD","Other DoD","MilitaryHealth",FALSE,"Products","Products (All)","Other","Other Products","NO","Unlabeled","Unlabeled","Unlabeled","Unlabeled","Unlabeled",1,"Other",1,0.867169179,0.884654819,0.905149051,1.0354,0.868,0.000180444605031333,0.000180271889400922,5.19444773570445
2006-09-30,"Not Reported","Electronics & Communications","MilitaryHealth","08:22.5",421910,23,"Other DoD","Other DoD","MilitaryHealth",FALSE,"Products","Products (All)","Electronics & Communications","Electronics & Comm.","NO","Unlabeled","Unlabeled","Unlabeled","Unlabeled","Unlabeled",1,"Other",1,0.867169179,0.884654819,0.905149051,1.0354,0.868,0.000486537125877256,0.000486071428571429,5.62521981903761
2006-09-30,"Firm Fixed Price","PAMS","MilitaryHealth","08:22.5",4584070,9,"Other DoD","Other DoD","MilitaryHealth",FALSE,"PAMS","Services (Non-R&D)","Services","PAMS","J","Fixed Price (Firm)","Fixed","Fixed","FALSE","Fixed",NA,"Combination 
or Unlabeled",NA,0.867169179,0.884654819,0.905149051,1.0354,0.868,0.00528624645687505,0.0052811866359447,6.66125124080524
2006-09-30,"Cost Plus Incentive","MED","MilitaryHealth","08:22.5",6777331246,239,"Other DoD","Other DoD","MilitaryHealth",FALSE,"MED","Services (Non-R&D)","Services (Non-R&D)","Other Services","V","Cost (Plus Incentive)","Cost+","Cost+","","Other",NA,"Combination 
or Unlabeled",NA,0.867169179,0.884654819,0.905149051,1.0354,0.868,7.81546601300506,7.80798530645161,9.83105871255375
2006-09-30,"Fixed Price Redetermination","PAMS","MilitaryHealth","08:22.5",1581631,3,"Other DoD","Other DoD","MilitaryHealth",FALSE,"PAMS","Services (Non-R&D)","Services","PAMS","A","Fixed Price (Other)","Fixed","Fixed","FALSE","Fixed",1,"Other",1,0.867169179,0.884654819,0.905149051,1.0354,0.868,0.00182390130818983,0.00182215552995392,6.19910516856978
2006-09-30,"Firm Fixed Price","ICT","MilitaryHealth","08:22.5",249826.96,10,"Other DoD","Other DoD","MilitaryHealth",FALSE,"ICT","Services (Non-R&D)","Services (Non-R&D)","ICT","J","Fixed Price (Firm)","Fixed","Fixed","FALSE","Fixed",NA,"Combination 
or Unlabeled",NA,0.867169179,0.884654819,0.905149051,1.0354,0.868,0.000288094833222849,0.000287819078341014,5.39763930332333
2006-09-30,"Not Reported","PAMS","MilitaryHealth","08:22.5",310587,5,"Other DoD","Other DoD","MilitaryHealth",FALSE,"PAMS","Services (Non-R&D)","Services","PAMS","NO","Unlabeled","Unlabeled","Unlabeled","Unlabeled","Unlabeled",1,"Other",1,0.867169179,0.884654819,0.905149051,1.0354,0.868,0.000358161945236755,0.000357819124423963,5.49218327384451
2007-09-30,"Fixed Price Incentive","MED","MilitaryHealth","08:22.5",174805084.2,58,"Other DoD","Other DoD","MilitaryHealth",FALSE,"MED","Services (Non-R&D)","Services (Non-R&D)","Other Services","L","Fixed Price (Other)","Fixed","Fixed","TRUE","Fixed",1,"Other",1,0.891289782,0.909261791,0.930326077,1.0642,0.8909,0.19612598251463,0.196211790548883,8.24255405992249
2007-09-30,"Firm Fixed Price","ERS","MilitaryHealth","08:22.5",878349.84,43,"Other DoD","Other DoD","MilitaryHealth",FALSE,"ERS","Services (Non-R&D)","Services (Non-R&D)","Other Services","J","Fixed Price (Firm)","Fixed","Fixed","FALSE","Fixed",NA,"Combination 
or Unlabeled",NA,0.891289782,0.909261791,0.930326077,1.0642,0.8909,0.000985481779033791,0.000985912941968796,5.94366752652175
2007-09-30,"Combination (two or more)","MED","MilitaryHealth","08:22.5",1604454585,74,"Other DoD","Other DoD","MilitaryHealth",FALSE,"MED","Services (Non-R&D)","Services (Non-R&D)","Other Services","2","Combination","Combination","Unlabeled","","Other",NA,"Combination 
or Unlabeled",NA,0.891289782,0.909261791,0.930326077,1.0642,0.8909,1.80014919659429,1.8009367886407,9.20532742865307
2007-09-30,"Fixed Price Award Fee","MED","MilitaryHealth","08:22.5",276366067.3,11,"Other DoD","Other DoD","MilitaryHealth",FALSE,"MED","Services (Non-R&D)","Services (Non-R&D)","Other Services","M","Fixed Price (Other)","Fixed","Fixed","FALSE","Fixed",0,"Fixed Price",0,0.891289782,0.909261791,0.930326077,1.0642,0.8909,0.310074313518833,0.310209975642609,8.44148471855371
2007-09-30,"Firm Fixed Price","Other","MilitaryHealth","08:22.5",160062.55,18,"Other DoD","Other DoD","MilitaryHealth",FALSE,"Products","Products (All)","Other","Other Products","J","Fixed Price (Firm)","Fixed","Fixed","FALSE","Fixed",NA,"Combination 
or Unlabeled",NA,0.891289782,0.909261791,0.930326077,1.0642,0.8909,0.000179585307980115,0.000179663879223257,5.20428973147652
2007-09-30,"Firm Fixed Price","MED","MilitaryHealth","08:22.5",922393721.3,210,"Other DoD","Other DoD","MilitaryHealth",FALSE,"MED","Services (Non-R&D)","Services (Non-R&D)","Other Services","J","Fixed Price (Firm)","Fixed","Fixed","FALSE","Fixed",NA,"Combination 
or Unlabeled",NA,0.891289782,0.909261791,0.930326077,1.0642,0.8909,1.03489767293215,1.03535045605567,8.9649163380702
2007-09-30,"Order Dependent (IDV only)","MED","MilitaryHealth","08:22.5",0,NA,"Other DoD","Other DoD","MilitaryHealth",FALSE,"MED","Services (Non-R&D)","Services (Non-R&D)","Other Services","1","Unlabeled","Unlabeled","Unlabeled","Unlabeled","Unlabeled",1,"Other",1,0.891289782,0.909261791,0.930326077,1.0642,0.8909,0,0,0
2007-09-30,"Firm Fixed Price","PAMS","MilitaryHealth","08:22.5",7884183.3,21,"Other DoD","Other DoD","MilitaryHealth",FALSE,"PAMS","Services (Non-R&D)","Services","PAMS","J","Fixed Price (Firm)","Fixed","Fixed","FALSE","Fixed",NA,"Combination 
or Unlabeled",NA,0.891289782,0.909261791,0.930326077,1.0642,0.8909,0.0088458136278735,0.00884968380289595,6.89675671267148
2007-09-30,"Cost Plus Incentive","MED","MilitaryHealth","08:22.5",6054618373,427,"Other DoD","Other DoD","MilitaryHealth",FALSE,"MED","Services (Non-R&D)","Services (Non-R&D)","Other Services","V","Cost (Plus Incentive)","Cost+","Cost+","","Other",NA,"Combination 
or Unlabeled",NA,0.891289782,0.909261791,0.930326077,1.0642,0.8909,6.79309748106144,6.79606956224043,9.78208677444465
2007-09-30,"Firm Fixed Price","ICT","MilitaryHealth","08:22.5",289462.06,13,"Other DoD","Other DoD","MilitaryHealth",FALSE,"ICT","Services (Non-R&D)","Services (Non-R&D)","ICT","J","Fixed Price (Firm)","Fixed","Fixed","FALSE","Fixed",NA,"Combination 
or Unlabeled",NA,0.891289782,0.909261791,0.930326077,1.0642,0.8909,0.000324767618619463,0.000324909709282748,5.46159164850411
2007-09-30,"Fixed Price Redetermination","MED","MilitaryHealth","08:22.5",-1894513.42,35,"Other DoD","Other DoD","MilitaryHealth",FALSE,"MED","Services (Non-R&D)","Services (Non-R&D)","Other Services","A","Fixed Price (Other)","Fixed","Fixed","FALSE","Fixed",1,"Other",1,0.891289782,0.909261791,0.930326077,1.0642,0.8909,-0.00212558637859488,-0.00212651635424851,NA
2007-09-30,"Not Reported","MED","MilitaryHealth","08:22.5",29271597.69,3,"Other DoD","Other DoD","MilitaryHealth",FALSE,"MED","Services (Non-R&D)","Services (Non-R&D)","Other Services","NO","Unlabeled","Unlabeled","Unlabeled","Unlabeled","Unlabeled",1,"Other",1,0.891289782,0.909261791,0.930326077,1.0642,0.8909,0.0328418414315447,0.0328562102256145,7.46644642755898
2007-09-30,"Firm Fixed Price","Electronics & Communications","MilitaryHealth","08:22.5",561800.75,49,"Other DoD","Other DoD","MilitaryHealth",FALSE,"Products","Products (All)","Electronics & Communications","Electronics & Comm.","J","Fixed Price (Firm)","Fixed","Fixed","FALSE","Fixed",NA,"Combination 
or Unlabeled",NA,0.891289782,0.909261791,0.930326077,1.0642,0.8909,0.000630323337421589,0.000630599113256258,5.74958231464599
2007-09-30,"Not Reported","ERS","MilitaryHealth","08:22.5",-29490.45,1,"Other DoD","Other DoD","MilitaryHealth",FALSE,"ERS","Services (Non-R&D)","Services (Non-R&D)","Other Services","NO","Unlabeled","Unlabeled","Unlabeled","Unlabeled","Unlabeled",1,"Other",1,0.891289782,0.909261791,0.930326077,1.0642,0.8909,-3.30873870603848e-05,-3.31018632843192e-05,NA
2007-09-30,"Firm Fixed Price","FRS&C","MilitaryHealth","08:22.5",17279.1,6,"Other DoD","Other DoD","MilitaryHealth",FALSE,"FRS&C","Services (Non-R&D)","Services (Non-R&D)","FRS&C","J","Fixed Price (Firm)","Fixed","Fixed","FALSE","Fixed",NA,"Combination 
or Unlabeled",NA,0.891289782,0.909261791,0.930326077,1.0642,0.8909,1.93866241361219e-05,1.93951060725109e-05,4.23752111804954
2008-09-30,"Cost Plus Award Fee","ERS","MilitaryHealth","08:22.5",-178893.59,3,"Other DoD","Other DoD","MilitaryHealth",FALSE,"ERS","Services (Non-R&D)","Services (Non-R&D)","Other Services","R","Cost (Other)","Cost+","Cost+","","Other",NA,"Combination 
or Unlabeled",NA,0.923869347,0.942498291,0.964332547,1.1031,0.922,-0.000193635161271348,-0.000194027754880694,NA
2008-09-30,"Firm Fixed Price","ICT","MilitaryHealth","08:22.5",141048.44,7,"Other DoD","Other DoD","MilitaryHealth",FALSE,"ICT","Services (Non-R&D)","Services (Non-R&D)","ICT","J","Fixed Price (Firm)","Fixed","Fixed","FALSE","Fixed",NA,"Combination 
or Unlabeled",NA,0.923869347,0.942498291,0.964332547,1.1031,0.922,0.000152671414478697,0.000152980954446855,5.14936828720788
2008-09-30,"Fixed Price Level of Effort","PAMS","MilitaryHealth","08:22.5",446492.42,6,"Other DoD","Other DoD","MilitaryHealth",FALSE,"PAMS","Services (Non-R&D)","Services","PAMS","B","Fixed Price (Other)","Fixed","Other","FALSE","Fixed",1,"Other",1,0.923869347,0.942498291,0.964332547,1.1031,0.922,0.000483285240981158,0.000484265097613883,5.64981409036876
2008-09-30,"Firm Fixed Price","Electronics & Communications","MilitaryHealth","08:22.5",2141957.1,33,"Other DoD","Other DoD","MilitaryHealth",FALSE,"Products","Products (All)","Electronics & Communications","Electronics & Comm.","J","Fixed Price (Firm)","Fixed","Fixed","FALSE","Fixed",NA,"Combination 
or Unlabeled",NA,0.923869347,0.942498291,0.964332547,1.1031,0.922,0.00231846321880403,0.00232316388286334,6.33081076835398
2008-09-30,"Cost Plus Incentive","MED","MilitaryHealth","08:22.5",7001934525,446,"Other DoD","Other DoD","MilitaryHealth",FALSE,"MED","Services (Non-R&D)","Services (Non-R&D)","Other Services","V","Cost (Plus Incentive)","Cost+","Cost+","","Other",NA,"Combination 
or Unlabeled",NA,0.923869347,0.942498291,0.964332547,1.1031,0.922,7.57892287230523,7.59428907266811,9.84521804536587
2008-09-30,"Firm Fixed Price","Other","MilitaryHealth","08:22.5",111714.17,7,"Other DoD","Other DoD","MilitaryHealth",FALSE,"Products","Products (All)","Other","Other Products","J","Fixed Price (Firm)","Fixed","Fixed","FALSE","Fixed",NA,"Combination 
or Unlabeled",NA,0.923869347,0.942498291,0.964332547,1.1031,0.922,0.000120919879377706,0.000121165043383948,5.04810826320069
2008-09-30,"Firm Fixed Price","ERS","MilitaryHealth","08:22.5",387185.41,16,"Other DoD","Other DoD","MilitaryHealth",FALSE,"ERS","Services (Non-R&D)","Services (Non-R&D)","Other Services","J","Fixed Price (Firm)","Fixed","Fixed","FALSE","Fixed",NA,"Combination 
or Unlabeled",NA,0.923869347,0.942498291,0.964332547,1.1031,0.922,0.000419091088212065,0.00041994079175705,5.58791898377098
2008-09-30,"Combination (two or more)","MED","MilitaryHealth","08:22.5",729361141,100,"Other DoD","Other DoD","MilitaryHealth",FALSE,"MED","Services (Non-R&D)","Services (Non-R&D)","Other Services","2","Combination","Combination","Unlabeled","","Other",NA,"Combination 
or Unlabeled",NA,0.923869347,0.942498291,0.964332547,1.1031,0.922,0.789463513827351,0.791064144251627,8.86294262119488
2008-09-30,"Firm Fixed Price","MED","MilitaryHealth","08:22.5",1107715731,249,"Other DoD","Other DoD","MilitaryHealth",FALSE,"MED","Services (Non-R&D)","Services (Non-R&D)","Other Services","J","Fixed Price (Firm)","Fixed","Fixed","FALSE","Fixed",NA,"Combination 
or Unlabeled",NA,0.923869347,0.942498291,0.964332547,1.1031,0.922,1.19899608596929,1.20142704013015,9.04442832330053
2008-09-30,"Firm Fixed Price","PAMS","MilitaryHealth","08:22.5",5799415.14,19,"Other DoD","Other DoD","MilitaryHealth",FALSE,"PAMS","Services (Non-R&D)","Services","PAMS","J","Fixed Price (Firm)","Fixed","Fixed","FALSE","Fixed",NA,"Combination 
or Unlabeled",NA,0.923869347,0.942498291,0.964332547,1.1031,0.922,0.00627731091937613,0.00629003811279826,6.76338419799776
2008-09-30,"Fixed Price Award Fee","MED","MilitaryHealth","08:22.5",93406806.64,8,"Other DoD","Other DoD","MilitaryHealth",FALSE,"MED","Services (Non-R&D)","Services (Non-R&D)","Other Services","M","Fixed Price (Other)","Fixed","Fixed","FALSE","Fixed",0,"Fixed Price",0,0.923869347,0.942498291,0.964332547,1.1031,0.922,0.101103913603489,0.101308900911063,7.97037852482199
2008-09-30,"Fixed Price Incentive","ICT","MilitaryHealth","08:22.5",68850,1,"Other DoD","Other DoD","MilitaryHealth",FALSE,"ICT","Services (Non-R&D)","Services (Non-R&D)","ICT","L","Fixed Price (Other)","Fixed","Fixed","TRUE","Fixed",1,"Other",1,0.923869347,0.942498291,0.964332547,1.1031,0.922,7.45235245909723e-05,7.46746203904555e-05,4.83790394459294
2008-09-30,"Fixed Price Incentive","MED","MilitaryHealth","08:22.5",177389848.6,89,"Other DoD","Other DoD","MilitaryHealth",FALSE,"MED","Services (Non-R&D)","Services (Non-R&D)","Other Services","L","Fixed Price (Other)","Fixed","Fixed","TRUE","Fixed",1,"Other",1,0.923869347,0.942498291,0.964332547,1.1031,0.922,0.192007505364284,0.192396798915401,8.24892876305406
2008-09-30,"Fixed Price Redetermination","MED","MilitaryHealth","08:22.5",60862478.45,11,"Other DoD","Other DoD","MilitaryHealth",FALSE,"MED","Services (Non-R&D)","Services (Non-R&D)","Other Services","A","Fixed Price (Other)","Fixed","Fixed","FALSE","Fixed",1,"Other",1,0.923869347,0.942498291,0.964332547,1.1031,0.922,0.0658777982488903,0.0660113649132321,7.78434963378032
2008-09-30,"Not Reported","MED","MilitaryHealth","08:22.5",-8701332.59,1,"Other DoD","Other DoD","MilitaryHealth",FALSE,"MED","Services (Non-R&D)","Services (Non-R&D)","Other Services","NO","Unlabeled","Unlabeled","Unlabeled","Unlabeled","Unlabeled",1,"Other",1,0.923869347,0.942498291,0.964332547,1.1031,0.922,-0.00941835836231073,-0.0094374540021692,NA
2008-09-30,"Order Dependent (IDV only)","MED","MilitaryHealth","08:22.5",0,NA,"Other DoD","Other DoD","MilitaryHealth",FALSE,"MED","Services (Non-R&D)","Services (Non-R&D)","Other Services","1","Unlabeled","Unlabeled","Unlabeled","Unlabeled","Unlabeled",1,"Other",1,0.923869347,0.942498291,0.964332547,1.1031,0.922,0,0,0
2009-09-30,"Fixed Price Level of Effort","PAMS","MilitaryHealth","08:22.5",139920.8,5,"Other DoD","Other DoD","MilitaryHealth",FALSE,"PAMS","Services (Non-R&D)","Services","PAMS","B","Fixed Price (Other)","Fixed","Other","FALSE","Fixed",1,"Other",1,0.927386935,0.946086808,0.968004196,1.1073,0.9238,0.000150876397671054,0.000151462221260013,5.14588227956519
2009-09-30,"Firm Fixed Price","ICT","MilitaryHealth","08:22.5",147688.88,10,"Other DoD","Other DoD","MilitaryHealth",FALSE,"ICT","Services (Non-R&D)","Services (Non-R&D)","ICT","J","Fixed Price (Firm)","Fixed","Fixed","FALSE","Fixed",NA,"Combination 
or Unlabeled",NA,0.927386935,0.946086808,0.968004196,1.1073,0.9238,0.000159252707177722,0.000159871054340766,5.16934779702865
2009-09-30,"Firm Fixed Price","MED","MilitaryHealth","08:22.5",2261650949,229,"Other DoD","Other DoD","MilitaryHealth",FALSE,"MED","Services (Non-R&D)","Services (Non-R&D)","Other Services","J","Fixed Price (Firm)","Fixed","Fixed","FALSE","Fixed",NA,"Combination 
or Unlabeled",NA,0.927386935,0.946086808,0.968004196,1.1073,0.9238,2.43873496988611,2.44820410153713,9.35442557909498
2009-09-30,"Fixed Price Redetermination","MED","MilitaryHealth","08:22.5",160716270.3,43,"Other DoD","Other DoD","MilitaryHealth",FALSE,"MED","Services (Non-R&D)","Services (Non-R&D)","Other Services","A","Fixed Price (Other)","Fixed","Fixed","FALSE","Fixed",1,"Other",1,0.927386935,0.946086808,0.968004196,1.1073,0.9238,0.173300123426906,0.173973013964062,8.2060598452999
2009-09-30,"Order Dependent (IDV only)","MED","MilitaryHealth","08:22.5",0,NA,"Other DoD","Other DoD","MilitaryHealth",FALSE,"MED","Services (Non-R&D)","Services (Non-R&D)","Other Services","1","Unlabeled","Unlabeled","Unlabeled","Unlabeled","Unlabeled",1,"Other",1,0.927386935,0.946086808,0.968004196,1.1073,0.9238,0,0,0
2009-09-30,"Time and Materials","PAMS","MilitaryHealth","08:22.5",2529359.5,2,"Other DoD","Other DoD","MilitaryHealth",FALSE,"PAMS","Services (Non-R&D)","Services","PAMS","Y","Time/Mat.","Time/Mat.","Other","FALSE","Other",1,"Other",1,0.927386935,0.946086808,0.968004196,1.1073,0.9238,0.00272740471591828,0.00273799469582161,6.40301056037262
2009-09-30,"Firm Fixed Price","ERS","MilitaryHealth","08:22.5",51267.75,16,"Other DoD","Other DoD","MilitaryHealth",FALSE,"ERS","Services (Non-R&D)","Services (Non-R&D)","Other Services","J","Fixed Price (Firm)","Fixed","Fixed","FALSE","Fixed",NA,"Combination 
or Unlabeled",NA,0.927386935,0.946086808,0.968004196,1.1073,0.9238,5.52819411888739e-05,5.54965901710327e-05,4.70984425787289
2009-09-30,"Combination (two or more)","MED","MilitaryHealth","08:22.5",2641613532,85,"Other DoD","Other DoD","MilitaryHealth",FALSE,"MED","Services (Non-R&D)","Services (Non-R&D)","Other Services","2","Combination","Combination","Unlabeled","","Other",NA,"Combination 
or Unlabeled",NA,0.927386935,0.946086808,0.968004196,1.1073,0.9238,2.84844807739285,2.85950804503139,9.42186928065292
2009-09-30,"Fixed Price Incentive","MED","MilitaryHealth","08:22.5",200326037.5,77,"Other DoD","Other DoD","MilitaryHealth",FALSE,"MED","Services (Non-R&D)","Services (Non-R&D)","Other Services","L","Fixed Price (Other)","Fixed","Fixed","TRUE","Fixed",1,"Other",1,0.927386935,0.946086808,0.968004196,1.1073,0.9238,0.216011278506959,0.21685000811864,8.30173740065485
2009-09-30,"Labor Hours","PAMS","MilitaryHealth","08:22.5",28304,1,"Other DoD","Other DoD","MilitaryHealth",FALSE,"PAMS","Services (Non-R&D)","Services","PAMS","Z","Time/Mat.","Time/Mat.","Other","FALSE","Other",1,"Other",1,0.927386935,0.946086808,0.968004196,1.1073,0.9238,3.0520162546823e-05,3.06386663780039e-05,4.45184781556565
2009-09-30,"Not Reported","Unlabeled","MilitaryHealth","08:22.5",303279,1,"Other DoD","Other DoD","MilitaryHealth",FALSE,"Unlabeled","Unlabeled","Unlabeled","Unlabeled","NO","Unlabeled","Unlabeled","Unlabeled","Unlabeled","Unlabeled",1,"Other",1,0.927386935,0.946086808,0.968004196,1.1073,0.9238,0.000327025310098853,0.000328295085516346,5.48184233942419
2009-09-30,"Cost Plus Incentive","MED","MilitaryHealth","08:22.5",6234247756,351,"Other DoD","Other DoD","MilitaryHealth",FALSE,"MED","Services (Non-R&D)","Services (Non-R&D)","Other Services","V","Cost (Plus Incentive)","Cost+","Cost+","","Other",NA,"Combination 
or Unlabeled",NA,0.927386935,0.946086808,0.968004196,1.1073,0.9238,6.72238040101352,6.74848209136177,9.79478405763373
2009-09-30,"Fixed Price Award Fee","MED","MilitaryHealth","08:22.5",311457616.1,13,"Other DoD","Other DoD","MilitaryHealth",FALSE,"MED","Services (Non-R&D)","Services (Non-R&D)","Other Services","M","Fixed Price (Other)","Fixed","Fixed","FALSE","Fixed",0,"Fixed Price",0,0.927386935,0.946086808,0.968004196,1.1073,0.9238,0.335844300092496,0.337148317925958,8.4933989551805
2009-09-30,"Firm Fixed Price","Other","MilitaryHealth","08:22.5",255378.85,9,"Other DoD","Other DoD","MilitaryHealth",FALSE,"Products","Products (All)","Other","Other Products","J","Fixed Price (Firm)","Fixed","Fixed","FALSE","Fixed",NA,"Combination 
or Unlabeled",NA,0.927386935,0.946086808,0.968004196,1.1073,0.9238,0.000275374647153079,0.000276443873132713,5.40718492695779
2009-09-30,"Firm Fixed Price","FRS&C","MilitaryHealth","08:22.5",30000,2,"Other DoD","Other DoD","MilitaryHealth",FALSE,"FRS&C","Services (Non-R&D)","Services (Non-R&D)","FRS&C","J","Fixed Price (Firm)","Fixed","Fixed","FALSE","Fixed",NA,"Combination 
or Unlabeled",NA,0.927386935,0.946086808,0.968004196,1.1073,0.9238,3.23489569108497e-05,3.24745615934185e-05,4.47712125471966
2009-09-30,"Firm Fixed Price","PAMS","MilitaryHealth","08:22.5",4417669.63,13,"Other DoD","Other DoD","MilitaryHealth",FALSE,"PAMS","Services (Non-R&D)","Services","PAMS","J","Fixed Price (Firm)","Fixed","Fixed","FALSE","Fixed",NA,"Combination 
or Unlabeled",NA,0.927386935,0.946086808,0.968004196,1.1073,0.9238,0.00476356681690798,0.00478206281662698,6.6451932345701
2009-09-30,"Firm Fixed Price","Electronics & Communications","MilitaryHealth","08:22.5",1112409.53,21,"Other DoD","Other DoD","MilitaryHealth",FALSE,"Products","Products (All)","Electronics & Communications","Electronics & Comm.","J","Fixed Price (Firm)","Fixed","Fixed","FALSE","Fixed",NA,"Combination 
or Unlabeled",NA,0.927386935,0.946086808,0.968004196,1.1073,0.9238,0.00119950959843962,0.00120416705996969,6.04626470080403
2010-09-30,"Firm Fixed Price","ICT","MilitaryHealth","08:22.5",292971.48,7,"Other DoD","Other DoD","MilitaryHealth",FALSE,"ICT","Services (Non-R&D)","Services (Non-R&D)","ICT","J","Fixed Price (Firm)","Fixed","Fixed","FALSE","Fixed",NA,"Combination 
or Unlabeled",NA,0.938944724,0.957877649,0.980068188,1.1211,0.9348,0.000312022073836159,0.000313405519897304,5.4668253449907
2010-09-30,"Cost Plus Fixed Fee","MED","MilitaryHealth","08:22.5",55069563,84,"Other DoD","Other DoD","MilitaryHealth",FALSE,"MED","Services (Non-R&D)","Services (Non-R&D)","Other Services","U","Cost (Other)","Cost+","Cost+","","Other",NA,"Combination 
or Unlabeled",NA,0.938944724,0.957877649,0.980068188,1.1211,0.9348,0.058650484519896,0.0589105295250321,7.74091163018672
2010-09-30,"Fixed Price Redetermination","MED","MilitaryHealth","08:22.5",6534810.72,23,"Other DoD","Other DoD","MilitaryHealth",FALSE,"MED","Services (Non-R&D)","Services (Non-R&D)","Other Services","A","Fixed Price (Other)","Fixed","Fixed","FALSE","Fixed",1,"Other",1,0.938944724,0.957877649,0.980068188,1.1211,0.9348,0.00695973953840546,0.00699059768934531,6.81523301281174
2010-09-30,"Combination (two or more)","PAMS","MilitaryHealth","08:22.5",0,2,"Other DoD","Other DoD","MilitaryHealth",FALSE,"PAMS","Services (Non-R&D)","Services","PAMS","2","Combination","Combination","Unlabeled","","Other",NA,"Combination 
or Unlabeled",NA,0.938944724,0.957877649,0.980068188,1.1211,0.9348,0,0,0
2010-09-30,"Firm Fixed Price","MED","MilitaryHealth","08:22.5",1214455084,291,"Other DoD","Other DoD","MilitaryHealth",FALSE,"MED","Services (Non-R&D)","Services (Non-R&D)","Other Services","J","Fixed Price (Firm)","Fixed","Fixed","FALSE","Fixed",NA,"Combination 
or Unlabeled",NA,0.938944724,0.957877649,0.980068188,1.1211,0.9348,1.29342553715654,1.29916033804022,9.08438145727893
2010-09-30,"Fixed Price Award Fee","MED","MilitaryHealth","08:22.5",369792898.4,76,"Other DoD","Other DoD","MilitaryHealth",FALSE,"MED","Services (Non-R&D)","Services (Non-R&D)","Other Services","M","Fixed Price (Other)","Fixed","Fixed","FALSE","Fixed",0,"Fixed Price",0,0.938944724,0.957877649,0.980068188,1.1211,0.9348,0.393838837311577,0.395585043217801,8.56795856659788
2010-09-30,"Firm Fixed Price","PAMS","MilitaryHealth","08:22.5",7622795.84,26,"Other DoD","Other DoD","MilitaryHealth",FALSE,"PAMS","Services (Non-R&D)","Services","PAMS","J","Fixed Price (Firm)","Fixed","Fixed","FALSE","Fixed",NA,"Combination 
or Unlabeled",NA,0.938944724,0.957877649,0.980068188,1.1211,0.9348,0.00811847134890552,0.00815446709456568,6.88211428829308
2010-09-30,"Time and Materials","PAMS","MilitaryHealth","08:22.5",2425491.12,3,"Other DoD","Other DoD","MilitaryHealth",FALSE,"PAMS","Services (Non-R&D)","Services","PAMS","Y","Time/Mat.","Time/Mat.","Other","FALSE","Other",1,"Other",1,0.938944724,0.957877649,0.980068188,1.1211,0.9348,0.00258320970127737,0.00259466315789474,6.3847996889633
2010-09-30,"Firm Fixed Price","ERS","MilitaryHealth","08:22.5",1399.56,10,"Other DoD","Other DoD","MilitaryHealth",FALSE,"ERS","Services (Non-R&D)","Services (Non-R&D)","Other Services","J","Fixed Price (Firm)","Fixed","Fixed","FALSE","Fixed",NA,"Combination 
or Unlabeled",NA,0.938944724,0.957877649,0.980068188,1.1211,0.9348,1.49056697825377e-06,1.49717586649551e-06,3.14599152167346
2010-09-30,"Fixed Price Incentive","MED","MilitaryHealth","08:22.5",439579791,141,"Other DoD","Other DoD","MilitaryHealth",FALSE,"MED","Services (Non-R&D)","Services (Non-R&D)","Other Services","L","Fixed Price (Other)","Fixed","Fixed","TRUE","Fixed",1,"Other",1,0.938944724,0.957877649,0.980068188,1.1211,0.9348,0.468163651985119,0.47023939987163,8.64303771819429
2010-09-30,"Cost Plus Incentive","MED","MilitaryHealth","08:22.5",8817755039,561,"Other DoD","Other DoD","MilitaryHealth",FALSE,"MED","Services (Non-R&D)","Services (Non-R&D)","Other Services","V","Cost (Plus Incentive)","Cost+","Cost+","","Other",NA,"Combination 
or Unlabeled",NA,0.938944724,0.957877649,0.980068188,1.1211,0.9348,9.39113327293162,9.43277175759521,9.94535802977174
2010-09-30,"Firm Fixed Price","Electronics & Communications","MilitaryHealth","08:22.5",2079765.66,42,"Other DoD","Other DoD","MilitaryHealth",FALSE,"Products","Products (All)","Electronics & Communications","Electronics & Comm.","J","Fixed Price (Firm)","Fixed","Fixed","FALSE","Fixed",NA,"Combination 
or Unlabeled",NA,0.938944724,0.957877649,0.980068188,1.1211,0.9348,0.00221500329768081,0.00222482419768935,6.31801440308663
2010-09-30,"Order Dependent (IDV only)","MED","MilitaryHealth","08:22.5",0,NA,"Other DoD","Other DoD","MilitaryHealth",FALSE,"MED","Services (Non-R&D)","Services (Non-R&D)","Other Services","1","Unlabeled","Unlabeled","Unlabeled","Unlabeled","Unlabeled",1,"Other",1,0.938944724,0.957877649,0.980068188,1.1211,0.9348,0,0,0
2010-09-30,"Firm Fixed Price","Other","MilitaryHealth","08:22.5",489929.87,10,"Other DoD","Other DoD","MilitaryHealth",FALSE,"Products","Products (All)","Other","Other Products","J","Fixed Price (Firm)","Fixed","Fixed","FALSE","Fixed",NA,"Combination 
or Unlabeled",NA,0.938944724,0.957877649,0.980068188,1.1211,0.9348,0.000521787766070881,0.000524101272999572,5.69013391829021
2010-09-30,"Cost Plus Fixed Fee","PAMS","MilitaryHealth","08:22.5",0,2,"Other DoD","Other DoD","MilitaryHealth",FALSE,"PAMS","Services (Non-R&D)","Services","PAMS","U","Cost (Other)","Cost+","Cost+","","Other",NA,"Combination 
or Unlabeled",NA,0.938944724,0.957877649,0.980068188,1.1211,0.9348,0,0,0
2010-09-30,"Fixed Price Level of Effort","PAMS","MilitaryHealth","08:22.5",-146476.51,1,"Other DoD","Other DoD","MilitaryHealth",FALSE,"PAMS","Services (Non-R&D)","Services","PAMS","B","Fixed Price (Other)","Fixed","Other","FALSE","Fixed",1,"Other",1,0.938944724,0.957877649,0.980068188,1.1211,0.9348,-0.000156001206733443,-0.000156692886178862,NA
2010-09-30,"Cost Plus Incentive","PAMS","MilitaryHealth","08:22.5",0,1,"Other DoD","Other DoD","MilitaryHealth",FALSE,"PAMS","Services (Non-R&D)","Services","PAMS","V","Cost (Plus Incentive)","Cost+","Cost+","","Other",NA,"Combination 
or Unlabeled",NA,0.938944724,0.957877649,0.980068188,1.1211,0.9348,0,0,0
2011-09-30,"Firm Fixed Price","Electronics & Communications","MilitaryHealth","08:22.5",5786402.75,202,"Other DoD","Other DoD","MilitaryHealth",FALSE,"Products","Products (All)","Electronics & Communications","Electronics & Comm.","J","Fixed Price (Firm)","Fixed","Fixed","FALSE","Fixed",NA,"Combination 
or Unlabeled",NA,0.958040201,0.977358168,1,1.1439,0.9532,0.00603983292554964,0.00607050225556022,6.76240865848847
2011-09-30,"Firm Fixed Price","FRS&C","MilitaryHealth","08:22.5",8464.58,6,"Other DoD","Other DoD","MilitaryHealth",FALSE,"FRS&C","Services (Non-R&D)","Services (Non-R&D)","FRS&C","J","Fixed Price (Firm)","Fixed","Fixed","FALSE","Fixed",NA,"Combination 
or Unlabeled",NA,0.958040201,0.977358168,1,1.1439,0.9532,8.83530773673661e-06,8.88017205203525e-06,3.92760541392663
2011-09-30,"Cost Plus Incentive","MED","MilitaryHealth","08:22.5",8283309517,406,"Other DoD","Other DoD","MilitaryHealth",FALSE,"MED","Services (Non-R&D)","Services (Non-R&D)","Other Services","V","Cost (Plus Incentive)","Cost+","Cost+","","Other",NA,"Combination 
or Unlabeled",NA,0.958040201,0.977358168,1,1.1439,0.9532,8.64609805345736,8.69000159148132,9.91820388965951
2011-09-30,"Fixed Price Redetermination","PAMS","MilitaryHealth","08:22.5",-352770.17,6,"Other DoD","Other DoD","MilitaryHealth",FALSE,"PAMS","Services (Non-R&D)","Services","PAMS","A","Fixed Price (Other)","Fixed","Fixed","FALSE","Fixed",1,"Other",1,0.958040201,0.977358168,1,1.1439,0.9532,-0.000368220633781108,-0.00037009040075535,NA
2011-09-30,"Firm Fixed Price","ICT","MilitaryHealth","08:22.5",439869.54,12,"Other DoD","Other DoD","MilitaryHealth",FALSE,"ICT","Services (Non-R&D)","Services (Non-R&D)","ICT","J","Fixed Price (Firm)","Fixed","Fixed","FALSE","Fixed",NA,"Combination 
or Unlabeled",NA,0.958040201,0.977358168,1,1.1439,0.9532,0.000459134741465823,0.000461466156105749,5.64332388907863
2011-09-30,"Fixed Price Redetermination","MED","MilitaryHealth","08:22.5",871930.43,3,"Other DoD","Other DoD","MilitaryHealth",FALSE,"MED","Services (Non-R&D)","Services (Non-R&D)","Other Services","A","Fixed Price (Other)","Fixed","Fixed","FALSE","Fixed",1,"Other",1,0.958040201,0.977358168,1,1.1439,0.9532,0.000910118833311881,0.000914740274863617,5.94048183462014
2011-09-30,"Firm Fixed Price","Other","MilitaryHealth","08:22.5",745022.31,64,"Other DoD","Other DoD","MilitaryHealth",FALSE,"Products","Products (All)","Other","Other Products","J","Fixed Price (Firm)","Fixed","Fixed","FALSE","Fixed",NA,"Combination 
or Unlabeled",NA,0.958040201,0.977358168,1,1.1439,0.9532,0.000777652450515487,0.000781601248426353,5.8721692780702
2011-09-30,"Order Dependent (IDV only)","ERS","MilitaryHealth","08:22.5",0,NA,"Other DoD","Other DoD","MilitaryHealth",FALSE,"ERS","Services (Non-R&D)","Services (Non-R&D)","Other Services","1","Unlabeled","Unlabeled","Unlabeled","Unlabeled","Unlabeled",1,"Other",1,0.958040201,0.977358168,1,1.1439,0.9532,0,0,0
2011-09-30,"Firm Fixed Price","MED","MilitaryHealth","08:22.5",1360400452,292,"Other DoD","Other DoD","MilitaryHealth",FALSE,"MED","Services (Non-R&D)","Services (Non-R&D)","Other Services","J","Fixed Price (Firm)","Fixed","Fixed","FALSE","Fixed",NA,"Combination 
or Unlabeled",NA,0.958040201,0.977358168,1,1.1439,0.9532,1.41998263807721,1.42719308854385,9.13366676755727
2011-09-30,"Firm Fixed Price","PAMS","MilitaryHealth","08:22.5",6593266.39,124,"Other DoD","Other DoD","MilitaryHealth",FALSE,"PAMS","Services (Non-R&D)","Services","PAMS","J","Fixed Price (Firm)","Fixed","Fixed","FALSE","Fixed",NA,"Combination 
or Unlabeled",NA,0.958040201,0.977358168,1,1.1439,0.9532,0.0068820352038651,0.00691698110574905,6.81910062304688
2011-09-30,"Time and Materials","PAMS","MilitaryHealth","08:22.5",2366480.48,3,"Other DoD","Other DoD","MilitaryHealth",FALSE,"PAMS","Services (Non-R&D)","Services","PAMS","Y","Time/Mat.","Time/Mat.","Other","FALSE","Other",1,"Other",1,0.958040201,0.977358168,1,1.1439,0.9532,0.00247012649106987,0.00248266940830885,6.37410292652501
2011-09-30,"Cost Plus Fixed Fee","PAMS","MilitaryHealth","08:22.5",7114553,9,"Other DoD","Other DoD","MilitaryHealth",FALSE,"PAMS","Services (Non-R&D)","Services","PAMS","U","Cost (Other)","Cost+","Cost+","","Other",NA,"Combination 
or Unlabeled",NA,0.958040201,0.977358168,1,1.1439,0.9532,0.0074261528822839,0.00746386172891313,6.85214761900474
2011-09-30,"Fixed Price Incentive","MED","MilitaryHealth","08:22.5",528807712.6,175,"Other DoD","Other DoD","MilitaryHealth",FALSE,"MED","Services (Non-R&D)","Services (Non-R&D)","Other Services","L","Fixed Price (Other)","Fixed","Fixed","TRUE","Fixed",1,"Other",1,0.958040201,0.977358168,1,1.1439,0.9532,0.551968186771319,0.55477099517415,8.72329778065912
2011-09-30,"Cost Plus Fixed Fee","MED","MilitaryHealth","08:22.5",1158140509,326,"Other DoD","Other DoD","MilitaryHealth",FALSE,"MED","Services (Non-R&D)","Services (Non-R&D)","Other Services","U","Cost (Other)","Cost+","Cost+","","Other",NA,"Combination 
or Unlabeled",NA,0.958040201,0.977358168,1,1.1439,0.9532,1.20886420819412,1.21500263218632,9.06376125246699
2011-09-30,"Fixed Price Award Fee","MED","MilitaryHealth","08:22.5",425607428.8,96,"Other DoD","Other DoD","MilitaryHealth",FALSE,"MED","Services (Non-R&D)","Services (Non-R&D)","Other Services","M","Fixed Price (Other)","Fixed","Fixed","FALSE","Fixed",0,"Fixed Price",0,0.958040201,0.977358168,1,1.1439,0.9532,0.444247984954861,0.446503806966009,8.62900919978203
2011-09-30,"Firm Fixed Price","Clothing & Subsistence","MilitaryHealth","08:22.5",25230.43,6,"Other DoD","Other DoD","MilitaryHealth",FALSE,"Products","Products (All)","Clothing & Subsistence","Clothing & Sub.","J","Fixed Price (Firm)","Fixed","Fixed","FALSE","Fixed",NA,"Combination 
or Unlabeled",NA,0.958040201,0.977358168,1,1.1439,0.9532,2.6335460634809e-05,2.64691879983214e-05,4.40192465222332
2011-09-30,"Firm Fixed Price","ERS","MilitaryHealth","08:22.5",7983.06,13,"Other DoD","Other DoD","MilitaryHealth",FALSE,"ERS","Services (Non-R&D)","Services (Non-R&D)","Other Services","J","Fixed Price (Firm)","Fixed","Fixed","FALSE","Fixed",NA,"Combination 
or Unlabeled",NA,0.958040201,0.977358168,1,1.1439,0.9532,8.33269834780138e-06,8.37501049097776e-06,3.90216939340371
2012-09-30,"Firm Fixed Price","Clothing & Subsistence","MilitaryHealth","08:22.5",1055375.46,64,"Other DoD","Other DoD","MilitaryHealth",FALSE,"Products","Products (All)","Clothing & Subsistence","Clothing & Sub.","J","Fixed Price (Firm)","Fixed","Fixed","FALSE","Fixed",NA,"Combination 
or Unlabeled",NA,0.980234506,1,1.023166361,1.1704,0.9711,0.00107665609967825,0.00108678350324374,6.02340699157458
2012-09-30,"Firm Fixed Price","ERS","MilitaryHealth","08:22.5",1105040.43,105,"Other DoD","Other DoD","MilitaryHealth",FALSE,"ERS","Services (Non-R&D)","Services (Non-R&D)","Other Services","J","Fixed Price (Firm)","Fixed","Fixed","FALSE","Fixed",NA,"Combination 
or Unlabeled",NA,0.980234506,1,1.023166361,1.1704,0.9711,0.00112732251643465,0.0011379265060241,6.04337816779913
2012-09-30,"Cost No Fee","MED","MilitaryHealth","08:22.5",-29835.92,1,"Other DoD","Other DoD","MilitaryHealth",FALSE,"MED","Services (Non-R&D)","Services (Non-R&D)","Other Services","S","Cost (Other)","Cost+","Cost+","","Other",NA,"Combination 
or Unlabeled",NA,0.980234506,1,1.023166361,1.1704,0.9711,-3.04375328733837e-05,-3.07238389455257e-05,NA
2012-09-30,"Firm Fixed Price","Engines & Power Plants","MilitaryHealth","08:22.5",3159600,1,"Other DoD","Other DoD","MilitaryHealth",FALSE,"Products","Products (All)","Engines & Power Plants","Engines & Power Pl.","J","Fixed Price (Firm)","Fixed","Fixed","FALSE","Fixed",NA,"Combination 
or Unlabeled",NA,0.980234506,1,1.023166361,1.1704,0.9711,0.00322331032080603,0.00325362990423231,6.49963210515369
2012-09-30,"Fixed Price Incentive","FRS&C","MilitaryHealth","08:22.5",0,NA,"Other DoD","Other DoD","MilitaryHealth",FALSE,"FRS&C","Services (Non-R&D)","Services (Non-R&D)","FRS&C","L","Fixed Price (Other)","Fixed","Fixed","TRUE","Fixed",1,"Other",1,0.980234506,1,1.023166361,1.1704,0.9711,0,0,0
2012-09-30,"Firm Fixed Price","ICT","MilitaryHealth","08:22.5",15497380.6,90,"Other DoD","Other DoD","MilitaryHealth",FALSE,"ICT","Services (Non-R&D)","Services (Non-R&D)","ICT","J","Fixed Price (Firm)","Fixed","Fixed","FALSE","Fixed",NA,"Combination 
or Unlabeled",NA,0.980234506,1,1.023166361,1.1704,0.9711,0.0158098705005188,0.0159585836680054,7.19025829900258
2012-09-30,"Cost Plus Fixed Fee","MED","MilitaryHealth","08:22.5",4375224661,388,"Other DoD","Other DoD","MilitaryHealth",FALSE,"MED","Services (Non-R&D)","Services (Non-R&D)","Other Services","U","Cost (Other)","Cost+","Cost+","","Other",NA,"Combination 
or Unlabeled",NA,0.980234506,1,1.023166361,1.1704,0.9711,4.4634468937987,4.50543163525898,9.64100035827891
2012-09-30,"Fixed Price Award Fee","MED","MilitaryHealth","08:22.5",291452310.9,71,"Other DoD","Other DoD","MilitaryHealth",FALSE,"MED","Services (Non-R&D)","Services (Non-R&D)","Other Services","M","Fixed Price (Other)","Fixed","Fixed","FALSE","Fixed",0,"Fixed Price",0,0.980234506,1,1.023166361,1.1704,0.9711,0.297329168801981,0.300125950880445,8.46456750315225
2012-09-30,"Combination (two or more)","PAMS","MilitaryHealth","08:22.5",2633285,1,"Other DoD","Other DoD","MilitaryHealth",FALSE,"PAMS","Services (Non-R&D)","Services","PAMS","2","Combination","Combination","Unlabeled","","Other",NA,"Combination 
or Unlabeled",NA,0.980234506,1,1.023166361,1.1704,0.9711,0.00268638268075823,0.00271165173514571,6.42049786526979
2012-09-30,"Firm Fixed Price","Other","MilitaryHealth","08:22.5",6892941.26,392,"Other DoD","Other DoD","MilitaryHealth",FALSE,"Products","Products (All)","Other","Other Products","J","Fixed Price (Firm)","Fixed","Fixed","FALSE","Fixed",NA,"Combination 
or Unlabeled",NA,0.980234506,1,1.023166361,1.1704,0.9711,0.00703193084696408,0.00709807564617444,6.83840457755605
2012-09-30,"Order Dependent (IDV only)","PAMS","MilitaryHealth","08:22.5",0,NA,"Other DoD","Other DoD","MilitaryHealth",FALSE,"PAMS","Services (Non-R&D)","Services","PAMS","1","Unlabeled","Unlabeled","Unlabeled","Unlabeled","Unlabeled",1,"Other",1,0.980234506,1,1.023166361,1.1704,0.9711,0,0,0
2012-09-30,"Firm Fixed Price","R&D","MilitaryHealth","08:22.5",9095042.5,10,"Other DoD","Other DoD","MilitaryHealth",FALSE,"R&D","R&D","R&D","Other Services","J","Fixed Price (Firm)","Fixed","Fixed","FALSE","Fixed",NA,"Combination 
or Unlabeled",NA,0.980234506,1,1.023166361,1.1704,0.9711,0.00927843535840596,0.00936571156420554,6.95880473280823
2012-09-30,"Order Dependent (IDV only)","Electronics & Communications","MilitaryHealth","08:22.5",0,NA,"Other DoD","Other DoD","MilitaryHealth",FALSE,"Products","Products (All)","Electronics & Communications","Electronics & Comm.","1","Unlabeled","Unlabeled","Unlabeled","Unlabeled","Unlabeled",1,"Other",1,0.980234506,1,1.023166361,1.1704,0.9711,0,0,0
2012-09-30,"Fixed Price Incentive","MED","MilitaryHealth","08:22.5",677469214.9,151,"Other DoD","Other DoD","MilitaryHealth",FALSE,"MED","Services (Non-R&D)","Services (Non-R&D)","Other Services","L","Fixed Price (Other)","Fixed","Fixed","TRUE","Fixed",1,"Other",1,0.980234506,1,1.023166361,1.1704,0.9711,0.691129735541058,0.697630743383792,8.83088956507734
2012-09-30,"Cost No Fee","PAMS","MilitaryHealth","08:22.5",4710693.71,37,"Other DoD","Other DoD","MilitaryHealth",FALSE,"PAMS","Services (Non-R&D)","Services","PAMS","S","Cost (Other)","Cost+","Cost+","","Other",NA,"Combination 
or Unlabeled",NA,0.980234506,1,1.023166361,1.1704,0.9711,0.00480568035624732,0.00485088426526619,6.67308486726492
2012-09-30,"Cost Plus Incentive","PAMS","MilitaryHealth","08:22.5",0,1,"Other DoD","Other DoD","MilitaryHealth",FALSE,"PAMS","Services (Non-R&D)","Services","PAMS","V","Cost (Plus Incentive)","Cost+","Cost+","","Other",NA,"Combination 
or Unlabeled",NA,0.980234506,1,1.023166361,1.1704,0.9711,0,0,0
2012-09-30,"Cost No Fee","R&D","MilitaryHealth","08:22.5",-2409733.05,17,"Other DoD","Other DoD","MilitaryHealth",FALSE,"R&D","R&D","R&D","Other Services","S","Cost (Other)","Cost+","Cost+","","Other",NA,"Combination 
or Unlabeled",NA,0.980234506,1,1.023166361,1.1704,0.9711,-0.00245832301887973,-0.0024814468643806,NA
2012-09-30,"Firm Fixed Price","FRS&C","MilitaryHealth","08:22.5",1923038.25,15,"Other DoD","Other DoD","MilitaryHealth",FALSE,"FRS&C","Services (Non-R&D)","Services (Non-R&D)","FRS&C","J","Fixed Price (Firm)","Fixed","Fixed","FALSE","Fixed",NA,"Combination 
or Unlabeled",NA,0.980234506,1,1.023166361,1.1704,0.9711,0.00196181448238061,0.00198026799505715,6.28398792261535
2012-09-30,"Firm Fixed Price","Ground Vehicles","MilitaryHealth","08:22.5",20625,1,"Other DoD","Other DoD","MilitaryHealth",FALSE,"Products","Products (All)","Ground Vehicles","Ground Vehicles","J","Fixed Price (Firm)","Fixed","Fixed","FALSE","Fixed",NA,"Combination 
or Unlabeled",NA,0.980234506,1,1.023166361,1.1704,0.9711,2.10408834556983e-05,2.12388013592833e-05,4.31439395722196
2012-09-30,"Firm Fixed Price","Launchers & Munitions","MilitaryHealth","08:22.5",720.95,1,"Other DoD","Other DoD","MilitaryHealth",FALSE,"Products","Products (All)","Launchers & Munitions","Other Platform/Weap.","J","Fixed Price (Firm)","Fixed","Fixed","FALSE","Fixed",NA,"Combination 
or Unlabeled",NA,0.980234506,1,1.023166361,1.1704,0.9711,7.35487269206579e-07,7.42405519513953e-07,2.85790514616594
2012-09-30,"Cost Plus Fixed Fee","PAMS","MilitaryHealth","08:22.5",11527620.16,35,"Other DoD","Other DoD","MilitaryHealth",FALSE,"PAMS","Services (Non-R&D)","Services","PAMS","U","Cost (Other)","Cost+","Cost+","","Other",NA,"Combination 
or Unlabeled",NA,0.980234506,1,1.023166361,1.1704,0.9711,0.0117600636270603,0.0118706828956853,7.06173965785332
2012-09-30,"Cost Plus Award Fee","PAMS","MilitaryHealth","08:22.5",624143.39,1,"Other DoD","Other DoD","MilitaryHealth",FALSE,"PAMS","Services (Non-R&D)","Services","PAMS","R","Cost (Other)","Cost+","Cost+","","Other",NA,"Combination 
or Unlabeled",NA,0.980234506,1,1.023166361,1.1704,0.9711,0.000636728646236822,0.000642717938420348,5.79528437547071
2012-09-30,"Labor Hours","PAMS","MilitaryHealth","08:22.5",2952406.58,4,"Other DoD","Other DoD","MilitaryHealth",FALSE,"PAMS","Services (Non-R&D)","Services","PAMS","Z","Time/Mat.","Time/Mat.","Other","FALSE","Other",1,"Other",1,0.980234506,1,1.023166361,1.1704,0.9711,0.00301193904308445,0.00304027039439811,6.47017616456417
2012-09-30,"Cost Plus Incentive","MED","MilitaryHealth","08:22.5",5034330169,246,"Other DoD","Other DoD","MilitaryHealth",FALSE,"MED","Services (Non-R&D)","Services (Non-R&D)","Other Services","V","Cost (Plus Incentive)","Cost+","Cost+","","Other",NA,"Combination 
or Unlabeled",NA,0.980234506,1,1.023166361,1.1704,0.9711,5.13584263580291,5.18415216661518,9.70194169469917
2012-09-30,"Order Dependent (IDV only)","Clothing & Subsistence","MilitaryHealth","08:22.5",0,NA,"Other DoD","Other DoD","MilitaryHealth",FALSE,"Products","Products (All)","Clothing & Subsistence","Clothing & Sub.","1","Unlabeled","Unlabeled","Unlabeled","Unlabeled","Unlabeled",1,"Other",1,0.980234506,1,1.023166361,1.1704,0.9711,0,0,0
2012-09-30,"Time and Materials","Electronics & Communications","MilitaryHealth","08:22.5",24051345.77,8,"Other DoD","Other DoD","MilitaryHealth",FALSE,"Products","Products (All)","Electronics & Communications","Electronics & Comm.","Y","Time/Mat.","Time/Mat.","Other","FALSE","Other",1,"Other",1,0.980234506,1,1.023166361,1.1704,0.9711,0.0245363182205708,0.0247671154052106,7.38113938192121
2012-09-30,"Order Dependent (IDV only)","ERS","MilitaryHealth","08:22.5",0,NA,"Other DoD","Other DoD","MilitaryHealth",FALSE,"ERS","Services (Non-R&D)","Services (Non-R&D)","Other Services","1","Unlabeled","Unlabeled","Unlabeled","Unlabeled","Unlabeled",1,"Other",1,0.980234506,1,1.023166361,1.1704,0.9711,0,0,0
2012-09-30,"Cost Plus Fixed Fee","ICT","MilitaryHealth","08:22.5",17735060.45,2,"Other DoD","Other DoD","MilitaryHealth",FALSE,"ICT","Services (Non-R&D)","Services (Non-R&D)","ICT","U","Cost (Other)","Cost+","Cost+","","Other",NA,"Combination 
or Unlabeled",NA,0.980234506,1,1.023166361,1.1704,0.9711,0.0180926710307013,0.0182628570178148,7.24883267310436
2012-09-30,"Firm Fixed Price","MED","MilitaryHealth","08:22.5",1334721333,146,"Other DoD","Other DoD","MilitaryHealth",FALSE,"MED","Services (Non-R&D)","Services (Non-R&D)","Other Services","J","Fixed Price (Firm)","Fixed","Fixed","FALSE","Fixed",NA,"Combination 
or Unlabeled",NA,0.980234506,1,1.023166361,1.1704,0.9711,1.36163471580544,1.37444272783441,9.12539060190034
2012-09-30,"Cost No Fee","Other","MilitaryHealth","08:22.5",19241.35,1,"Other DoD","Other DoD","MilitaryHealth",FALSE,"Products","Products (All)","Other","Other Products","S","Cost (Other)","Cost+","Cost+","","Other",NA,"Combination 
or Unlabeled",NA,0.980234506,1,1.023166361,1.1704,0.9711,1.96293334729843e-05,1.98139738440943e-05,4.28423553947842
2012-09-30,"Order Dependent (IDV only)","Other","MilitaryHealth","08:22.5",0,NA,"Other DoD","Other DoD","MilitaryHealth",FALSE,"Products","Products (All)","Other","Other Products","1","Unlabeled","Unlabeled","Unlabeled","Unlabeled","Unlabeled",1,"Other",1,0.980234506,1,1.023166361,1.1704,0.9711,0,0,0
2012-09-30,"Firm Fixed Price","PAMS","MilitaryHealth","08:22.5",32566522.02,466,"Other DoD","Other DoD","MilitaryHealth",FALSE,"PAMS","Services (Non-R&D)","Services","PAMS","J","Fixed Price (Firm)","Fixed","Fixed","FALSE","Fixed",NA,"Combination 
or Unlabeled",NA,0.980234506,1,1.023166361,1.1704,0.9711,0.0332231948790425,0.0335357038616002,7.51277138005166
2012-09-30,"Time and Materials","PAMS","MilitaryHealth","08:22.5",4874745.52,13,"Other DoD","Other DoD","MilitaryHealth",FALSE,"PAMS","Services (Non-R&D)","Services","PAMS","Y","Time/Mat.","Time/Mat.","Other","FALSE","Other",1,"Other",1,0.980234506,1,1.023166361,1.1704,0.9711,0.00497304011454581,0.00501981826794357,6.68795194882544
2012-09-30,"Firm Fixed Price","Electronics & Communications","MilitaryHealth","08:22.5",12677598.71,916,"Other DoD","Other DoD","MilitaryHealth",FALSE,"Products","Products (All)","Electronics & Communications","Electronics & Comm.","J","Fixed Price (Firm)","Fixed","Fixed","FALSE","Fixed",NA,"Combination 
or Unlabeled",NA,0.980234506,1,1.023166361,1.1704,0.9711,0.0129332303978289,0.0130548848831222,7.10303700072584
2012-09-30,"Labor Hours","ICT","MilitaryHealth","08:22.5",588500,2,"Other DoD","Other DoD","MilitaryHealth",FALSE,"ICT","Services (Non-R&D)","Services (Non-R&D)","ICT","Z","Time/Mat.","Time/Mat.","Other","FALSE","Other",1,"Other",1,0.980234506,1,1.023166361,1.1704,0.9711,0.000600366541269258,0.000606013798784883,5.76974646717945
2013-09-30,"Cost Plus Fixed Fee","ICT","MilitaryHealth","08:22.5",13140151.15,13,"Other DoD","Other DoD","MilitaryHealth",FALSE,"ICT","Services (Non-R&D)","Services (Non-R&D)","ICT","U","Cost (Other)","Cost+","Cost+","","Other",NA,"Combination 
or Unlabeled",NA,1,1.020164046,1.043797535,1.194,0.9847,0.01314015115,0.0133443192342846,7.11860036090362
2013-09-30,"Cost Plus Fixed Fee","MED","MilitaryHealth","08:22.5",7395144019,340,"Other DoD","Other DoD","MilitaryHealth",FALSE,"MED","Services (Non-R&D)","Services (Non-R&D)","Other Services","U","Cost (Other)","Cost+","Cost+","","Other",NA,"Combination 
or Unlabeled",NA,1,1.020164046,1.043797535,1.194,0.9847,7.395144019,7.5100477495684,9.86894663621634
2013-09-30,"Fixed Price Award Fee","MED","MilitaryHealth","08:22.5",72894347.68,51,"Other DoD","Other DoD","MilitaryHealth",FALSE,"MED","Services (Non-R&D)","Services (Non-R&D)","Other Services","M","Fixed Price (Other)","Fixed","Fixed","FALSE","Fixed",0,"Fixed Price",0,1,1.020164046,1.043797535,1.194,0.9847,0.07289434768,0.0740269601706103,7.86269385387961
2013-09-30,"Order Dependent (IDV only)","PAMS","MilitaryHealth","08:22.5",0,NA,"Other DoD","Other DoD","MilitaryHealth",FALSE,"PAMS","Services (Non-R&D)","Services","PAMS","1","Unlabeled","Unlabeled","Unlabeled","Unlabeled","Unlabeled",1,"Other",1,1,1.020164046,1.043797535,1.194,0.9847,0,0,0
2013-09-30,"Firm Fixed Price","R&D","MilitaryHealth","08:22.5",14786688.1,14,"Other DoD","Other DoD","MilitaryHealth",FALSE,"R&D","R&D","R&D","Other Services","J","Fixed Price (Firm)","Fixed","Fixed","FALSE","Fixed",NA,"Combination 
or Unlabeled",NA,1,1.020164046,1.043797535,1.194,0.9847,0.0147866881,0.0150164396262821,7.16987091226862
2013-09-30,"Order Dependent (IDV only)","Clothing & Subsistence","MilitaryHealth","08:22.5",0,NA,"Other DoD","Other DoD","MilitaryHealth",FALSE,"Products","Products (All)","Clothing & Subsistence","Clothing & Sub.","1","Unlabeled","Unlabeled","Unlabeled","Unlabeled","Unlabeled",1,"Other",1,1,1.020164046,1.043797535,1.194,0.9847,0,0,0
2013-09-30,"Time and Materials","Electronics & Communications","MilitaryHealth","08:22.5",18559570.38,9,"Other DoD","Other DoD","MilitaryHealth",FALSE,"Products","Products (All)","Electronics & Communications","Electronics & Comm.","Y","Time/Mat.","Time/Mat.","Other","FALSE","Other",1,"Other",1,1,1.020164046,1.043797535,1.194,0.9847,0.01855957038,0.0188479439220067,7.26856791887881
2013-09-30,"Firm Fixed Price","Engines & Power Plants","MilitaryHealth","08:22.5",34500,2,"Other DoD","Other DoD","MilitaryHealth",FALSE,"Products","Products (All)","Engines & Power Plants","Engines & Power Pl.","J","Fixed Price (Firm)","Fixed","Fixed","FALSE","Fixed",NA,"Combination 
or Unlabeled",NA,1,1.020164046,1.043797535,1.194,0.9847,3.45e-05,3.50360515893165e-05,4.53781909507327
2013-09-30,"Order Dependent (IDV only)","ERS","MilitaryHealth","08:22.5",0,NA,"Other DoD","Other DoD","MilitaryHealth",FALSE,"ERS","Services (Non-R&D)","Services (Non-R&D)","Other Services","1","Unlabeled","Unlabeled","Unlabeled","Unlabeled","Unlabeled",1,"Other",1,1,1.020164046,1.043797535,1.194,0.9847,0,0,0
2013-09-30,"Firm Fixed Price","MED","MilitaryHealth","08:22.5",1491492860,206,"Other DoD","Other DoD","MilitaryHealth",FALSE,"MED","Services (Non-R&D)","Services (Non-R&D)","Other Services","J","Fixed Price (Firm)","Fixed","Fixed","FALSE","Fixed",NA,"Combination 
or Unlabeled",NA,1,1.020164046,1.043797535,1.194,0.9847,1.49149286,1.51466726921905,9.17362117867024
2013-09-30,"Cost No Fee","Other","MilitaryHealth","08:22.5",-1081.5,2,"Other DoD","Other DoD","MilitaryHealth",FALSE,"Products","Products (All)","Other","Other Products","S","Cost (Other)","Cost+","Cost+","","Other",NA,"Combination 
or Unlabeled",NA,1,1.020164046,1.043797535,1.194,0.9847,-1.0815e-06,-1.09830405199553e-06,NA
2013-09-30,"Order Dependent (IDV only)","Other","MilitaryHealth","08:22.5",0,NA,"Other DoD","Other DoD","MilitaryHealth",FALSE,"Products","Products (All)","Other","Other Products","1","Unlabeled","Unlabeled","Unlabeled","Unlabeled","Unlabeled",1,"Other",1,1,1.020164046,1.043797535,1.194,0.9847,0,0,0
2013-09-30,"Firm Fixed Price","PAMS","MilitaryHealth","08:22.5",123836498.6,413,"Other DoD","Other DoD","MilitaryHealth",FALSE,"PAMS","Services (Non-R&D)","Services","PAMS","J","Fixed Price (Firm)","Fixed","Fixed","FALSE","Fixed",NA,"Combination 
or Unlabeled",NA,1,1.020164046,1.043797535,1.194,0.9847,0.1238364986,0.12576063633594,8.09284866410597
2013-09-30,"Time and Materials","PAMS","MilitaryHealth","08:22.5",11929926.52,6,"Other DoD","Other DoD","MilitaryHealth",FALSE,"PAMS","Services (Non-R&D)","Services","PAMS","Y","Time/Mat.","Time/Mat.","Other","FALSE","Other",1,"Other",1,1,1.020164046,1.043797535,1.194,0.9847,0.01192992652,0.0121152904641007,7.07663776872845
2013-09-30,"Firm Fixed Price","Clothing & Subsistence","MilitaryHealth","08:22.5",666296.3354,31,"Other DoD","Other DoD","MilitaryHealth",FALSE,"Products","Products (All)","Clothing & Subsistence","Clothing & Sub.","J","Fixed Price (Firm)","Fixed","Fixed","FALSE","Fixed",NA,"Combination 
or Unlabeled",NA,1,1.020164046,1.043797535,1.194,0.9847,0.0006662963354,0.000676649066111506,5.82366742467451
2013-09-30,"Firm Fixed Price","FRS&C","MilitaryHealth","08:22.5",2637432.216,23,"Other DoD","Other DoD","MilitaryHealth",FALSE,"FRS&C","Services (Non-R&D)","Services (Non-R&D)","FRS&C","J","Fixed Price (Firm)","Fixed","Fixed","FALSE","Fixed",NA,"Combination 
or Unlabeled",NA,1,1.020164046,1.043797535,1.194,0.9847,0.002637432216,0.00267841191835077,6.42118130675297
2013-09-30,"Firm Fixed Price","Fuels","MilitaryHealth","08:22.5",1825000,2,"Other DoD","Other DoD","MilitaryHealth",FALSE,"Fuels","Products (All)","Fuels","Fuels","J","Fixed Price (Firm)","Fixed","Fixed","FALSE","Fixed",NA,"Combination 
or Unlabeled",NA,1,1.020164046,1.043797535,1.194,0.9847,0.001825,0.00185335635218848,6.26126286879249
2013-09-30,"Fixed Price with Economic Price Adjustment","PAMS","MilitaryHealth","08:22.5",58470,1,"Other DoD","Other DoD","MilitaryHealth",FALSE,"PAMS","Services (Non-R&D)","Services","PAMS","K","Fixed Price (Other)","Fixed","Fixed","FALSE","Fixed",1,"Other",1,1,1.020164046,1.043797535,1.194,0.9847,5.847e-05,5.93784909109373e-05,4.76693309383728
2013-09-30,"Firm Fixed Price","ICT","MilitaryHealth","08:22.5",21661330.32,137,"Other DoD","Other DoD","MilitaryHealth",FALSE,"ICT","Services (Non-R&D)","Services (Non-R&D)","ICT","J","Fixed Price (Firm)","Fixed","Fixed","FALSE","Fixed",NA,"Combination 
or Unlabeled",NA,1,1.020164046,1.043797535,1.194,0.9847,0.02166133032,0.0219978981618767,7.33568512509141
2013-09-30,"Cost Plus Incentive","MED","MilitaryHealth","08:22.5",1809023255,71,"Other DoD","Other DoD","MilitaryHealth",FALSE,"MED","Services (Non-R&D)","Services (Non-R&D)","Other Services","V","Cost (Plus Incentive)","Cost+","Cost+","","Other",NA,"Combination 
or Unlabeled",NA,1,1.020164046,1.043797535,1.194,0.9847,1.809023255,1.83713136488271,9.25744414975272
2013-09-30,"Firm Fixed Price","Other","MilitaryHealth","08:22.5",4181468.595,163,"Other DoD","Other DoD","MilitaryHealth",FALSE,"Products","Products (All)","Other","Other Products","J","Fixed Price (Firm)","Fixed","Fixed","FALSE","Fixed",NA,"Combination 
or Unlabeled",NA,1,1.020164046,1.043797535,1.194,0.9847,0.004181468595,0.00424643911343556,6.62132883935603
2013-09-30,"Combination (two or more)","PAMS","MilitaryHealth","08:22.5",0,2,"Other DoD","Other DoD","MilitaryHealth",FALSE,"PAMS","Services (Non-R&D)","Services","PAMS","2","Combination","Combination","Unlabeled","","Other",NA,"Combination 
or Unlabeled",NA,1,1.020164046,1.043797535,1.194,0.9847,0,0,0
2013-09-30,"Order Dependent (IDV only)","Electronics & Communications","MilitaryHealth","08:22.5",0,NA,"Other DoD","Other DoD","MilitaryHealth",FALSE,"Products","Products (All)","Electronics & Communications","Electronics & Comm.","1","Unlabeled","Unlabeled","Unlabeled","Unlabeled","Unlabeled",1,"Other",1,1,1.020164046,1.043797535,1.194,0.9847,0,0,0
2013-09-30,"Firm Fixed Price","ERS","MilitaryHealth","08:22.5",1246927.885,95,"Other DoD","Other DoD","MilitaryHealth",FALSE,"ERS","Services (Non-R&D)","Services (Non-R&D)","Other Services","J","Fixed Price (Firm)","Fixed","Fixed","FALSE","Fixed",NA,"Combination 
or Unlabeled",NA,1,1.020164046,1.043797535,1.194,0.9847,0.001246927885,0.00126630231034833,6.09584133715761
2013-09-30,"Fixed Price Incentive","MED","MilitaryHealth","08:22.5",993109982.9,139,"Other DoD","Other DoD","MilitaryHealth",FALSE,"MED","Services (Non-R&D)","Services (Non-R&D)","Other Services","L","Fixed Price (Other)","Fixed","Fixed","TRUE","Fixed",1,"Other",1,1,1.020164046,1.043797535,1.194,0.9847,0.9931099829,1.00854065492028,8.99699734751007
2013-09-30,"Cost No Fee","PAMS","MilitaryHealth","08:22.5",7508660.867,26,"Other DoD","Other DoD","MilitaryHealth",FALSE,"PAMS","Services (Non-R&D)","Services","PAMS","S","Cost (Other)","Cost+","Cost+","","Other",NA,"Combination 
or Unlabeled",NA,1,1.020164046,1.043797535,1.194,0.9847,0.007508660867,0.00762532839138824,6.87556248961001
2013-09-30,"Labor Hours","PAMS","MilitaryHealth","08:22.5",0,1,"Other DoD","Other DoD","MilitaryHealth",FALSE,"PAMS","Services (Non-R&D)","Services","PAMS","Z","Time/Mat.","Time/Mat.","Other","FALSE","Other",1,"Other",1,1,1.020164046,1.043797535,1.194,0.9847,0,0,0
2013-09-30,"Cost No Fee","R&D","MilitaryHealth","08:22.5",5542592.151,14,"Other DoD","Other DoD","MilitaryHealth",FALSE,"R&D","R&D","R&D","Other Services","S","Cost (Other)","Cost+","Cost+","","Other",NA,"Combination 
or Unlabeled",NA,1,1.020164046,1.043797535,1.194,0.9847,0.005542592151,0.00562871143597035,6.74371292241586
2013-09-30,"Cost No Fee","MED","MilitaryHealth","08:22.5",6613352.5,2,"Other DoD","Other DoD","MilitaryHealth",FALSE,"MED","Services (Non-R&D)","Services (Non-R&D)","Other Services","S","Cost (Other)","Cost+","Cost+","","Other",NA,"Combination 
or Unlabeled",NA,1,1.020164046,1.043797535,1.194,0.9847,0.0066133525,0.00671610896719813,6.82042167176264
2013-09-30,"Cost Plus Award Fee","PAMS","MilitaryHealth","08:22.5",640092.9375,1,"Other DoD","Other DoD","MilitaryHealth",FALSE,"PAMS","Services (Non-R&D)","Services","PAMS","R","Cost (Other)","Cost+","Cost+","","Other",NA,"Combination 
or Unlabeled",NA,1,1.020164046,1.043797535,1.194,0.9847,0.0006400929375,0.000650038526962527,5.8062430354106
2013-09-30,"Cost Plus Fixed Fee","PAMS","MilitaryHealth","08:22.5",83859776.5,31,"Other DoD","Other DoD","MilitaryHealth",FALSE,"PAMS","Services (Non-R&D)","Services","PAMS","U","Cost (Other)","Cost+","Cost+","","Other",NA,"Combination 
or Unlabeled",NA,1,1.020164046,1.043797535,1.194,0.9847,0.0838597765,0.0851627668325378,7.92355370060337
2013-09-30,"Firm Fixed Price","Electronics & Communications","MilitaryHealth","08:22.5",18257588.95,145,"Other DoD","Other DoD","MilitaryHealth",FALSE,"Products","Products (All)","Electronics & Communications","Electronics & Comm.","J","Fixed Price (Firm)","Fixed","Fixed","FALSE","Fixed",NA,"Combination 
or Unlabeled",NA,1,1.020164046,1.043797535,1.194,0.9847,0.01825758895,0.0185412703869199,7.2614434251782
2013-09-30,"Labor Hours","ICT","MilitaryHealth","08:22.5",74880,4,"Other DoD","Other DoD","MilitaryHealth",FALSE,"ICT","Services (Non-R&D)","Services (Non-R&D)","ICT","Z","Time/Mat.","Time/Mat.","Other","FALSE","Other",1,"Other",1,1,1.020164046,1.043797535,1.194,0.9847,7.488e-05,7.60434650147253e-05,4.87436583573005
2013-09-30,"Fixed Price Award Fee","PAMS","MilitaryHealth","08:22.5",1727003,4,"Other DoD","Other DoD","MilitaryHealth",FALSE,"PAMS","Services (Non-R&D)","Services","PAMS","M","Fixed Price (Other)","Fixed","Fixed","FALSE","Fixed",0,"Fixed Price",0,1,1.020164046,1.043797535,1.194,0.9847,0.001727003,0.00175383670153346,6.23729309198686
2014-09-30,"Time and Materials","Electronics & Communications","MilitaryHealth","08:22.5",29390139.9,9,"Other DoD","Other DoD","MilitaryHealth",FALSE,"Products","Products (All)","Electronics & Communications","Electronics & Comm.","Y","Time/Mat.","Time/Mat.","Other","FALSE","Other",1,"Other",1,1.021440536,1.04203691,1.066177113,1.2196,1,0.0287732265013614,0.0293901399,7.46820165336262
2014-09-30,"Cost Plus Fixed Fee","ICT","MilitaryHealth","08:22.5",12893007.79,10,"Other DoD","Other DoD","MilitaryHealth",FALSE,"ICT","Services (Non-R&D)","Services (Non-R&D)","ICT","U","Cost (Other)","Cost+","Cost+","","Other",NA,"Combination 
or Unlabeled",NA,1.021440536,1.04203691,1.066177113,1.2196,1,0.0126223772560364,0.01289300779,7.11035424506631
2014-09-30,"Fixed Price Award Fee","MED","MilitaryHealth","08:22.5",77285960.81,67,"Other DoD","Other DoD","MilitaryHealth",FALSE,"MED","Services (Non-R&D)","Services (Non-R&D)","Other Services","M","Fixed Price (Other)","Fixed","Fixed","FALSE","Fixed",0,"Fixed Price",0,1.021440536,1.04203691,1.066177113,1.2196,1,0.0756636907251153,0.07728596081,7.88810061039317
2014-09-30,"Cost Plus Fixed Fee","PAMS","MilitaryHealth","08:22.5",55156733.72,23,"Other DoD","Other DoD","MilitaryHealth",FALSE,"PAMS","Services (Non-R&D)","Services","PAMS","U","Cost (Other)","Cost+","Cost+","","Other",NA,"Combination 
or Unlabeled",NA,1.021440536,1.04203691,1.066177113,1.2196,1,0.0539989669256674,0.05515673372,7.74159854014738
2014-09-30,"Order Dependent (IDV only)","Clothing & Subsistence","MilitaryHealth","08:22.5",0,NA,"Other DoD","Other DoD","MilitaryHealth",FALSE,"Products","Products (All)","Clothing & Subsistence","Clothing & Sub.","1","Unlabeled","Unlabeled","Unlabeled","Unlabeled","Unlabeled",1,"Other",1,1.021440536,1.04203691,1.066177113,1.2196,1,0,0,0
2014-09-30,"Firm Fixed Price","ICT","MilitaryHealth","08:22.5",34897006.02,91,"Other DoD","Other DoD","MilitaryHealth",FALSE,"ICT","Services (Non-R&D)","Services (Non-R&D)","ICT","J","Fixed Price (Firm)","Fixed","Fixed","FALSE","Fixed",NA,"Combination 
or Unlabeled",NA,1.021440536,1.04203691,1.066177113,1.2196,1,0.0341645008104515,0.03489700602,7.5427881683698
2014-09-30,"Order Dependent (IDV only)","Other","MilitaryHealth","08:22.5",0,NA,"Other DoD","Other DoD","MilitaryHealth",FALSE,"Products","Products (All)","Other","Other Products","1","Unlabeled","Unlabeled","Unlabeled","Unlabeled","Unlabeled",1,"Other",1,1.021440536,1.04203691,1.066177113,1.2196,1,0,0,0
2014-09-30,"Combination (two or more)","PAMS","MilitaryHealth","08:22.5",0,1,"Other DoD","Other DoD","MilitaryHealth",FALSE,"PAMS","Services (Non-R&D)","Services","PAMS","2","Combination","Combination","Unlabeled","","Other",NA,"Combination 
or Unlabeled",NA,1.021440536,1.04203691,1.066177113,1.2196,1,0,0,0
2014-09-30,"Firm Fixed Price","PAMS","MilitaryHealth","08:22.5",281777127.4,262,"Other DoD","Other DoD","MilitaryHealth",FALSE,"PAMS","Services (Non-R&D)","Services","PAMS","J","Fixed Price (Firm)","Fixed","Fixed","FALSE","Fixed",NA,"Combination 
or Unlabeled",NA,1.021440536,1.04203691,1.066177113,1.2196,1,0.27586248779929,0.2817771274,8.44990573736412
2014-09-30,"Firm Fixed Price","ERS","MilitaryHealth","08:22.5",636943.7686,11,"Other DoD","Other DoD","MilitaryHealth",FALSE,"ERS","Services (Non-R&D)","Services (Non-R&D)","Other Services","J","Fixed Price (Firm)","Fixed","Fixed","FALSE","Fixed",NA,"Combination 
or Unlabeled",NA,1.021440536,1.04203691,1.066177113,1.2196,1,0.000623574007640519,0.0006369437686,5.80410109314433
2014-09-30,"Fixed Price Incentive","MED","MilitaryHealth","08:22.5",1092876534,181,"Other DoD","Other DoD","MilitaryHealth",FALSE,"MED","Services (Non-R&D)","Services (Non-R&D)","Other Services","L","Fixed Price (Other)","Fixed","Fixed","TRUE","Fixed",1,"Other",1,1.021440536,1.04203691,1.066177113,1.2196,1,1.06993652149321,1.092876534,9.03857110098791
2014-09-30,"Labor Hours","PAMS","MilitaryHealth","08:22.5",2429957,1,"Other DoD","Other DoD","MilitaryHealth",FALSE,"PAMS","Services (Non-R&D)","Services","PAMS","Z","Time/Mat.","Time/Mat.","Other","FALSE","Other",1,"Other",1,1.021440536,1.04203691,1.066177113,1.2196,1,0.00237895101511812,0.002429957,6.38559858848393
2014-09-30,"Firm Fixed Price","FRS&C","MilitaryHealth","08:22.5",128631.9922,4,"Other DoD","Other DoD","MilitaryHealth",FALSE,"FRS&C","Services (Non-R&D)","Services (Non-R&D)","FRS&C","J","Fixed Price (Firm)","Fixed","Fixed","FALSE","Fixed",NA,"Combination 
or Unlabeled",NA,1.021440536,1.04203691,1.066177113,1.2196,1,0.000125931943824873,0.0001286319922,5.10934899586643
2014-09-30,"Firm Fixed Price","Other","MilitaryHealth","08:22.5",2248598.376,28,"Other DoD","Other DoD","MilitaryHealth",FALSE,"Products","Products (All)","Other","Other Products","J","Fixed Price (Firm)","Fixed","Fixed","FALSE","Fixed",NA,"Combination 
or Unlabeled",NA,1.021440536,1.04203691,1.066177113,1.2196,1,0.00220139919726076,0.002248598376,6.35191189266863
2014-09-30,"Firm Fixed Price","R&D","MilitaryHealth","08:22.5",8521897.988,9,"Other DoD","Other DoD","MilitaryHealth",FALSE,"R&D","R&D","R&D","Other Services","J","Fixed Price (Firm)","Fixed","Fixed","FALSE","Fixed",NA,"Combination 
or Unlabeled",NA,1.021440536,1.04203691,1.066177113,1.2196,1,0.00834301918481919,0.008521897988,6.93053633114185
2014-09-30,"Cost Plus Incentive","MED","MilitaryHealth","08:22.5",-1000284.469,13,"Other DoD","Other DoD","MilitaryHealth",FALSE,"MED","Services (Non-R&D)","Services (Non-R&D)","Other Services","V","Cost (Plus Incentive)","Cost+","Cost+","","Other",NA,"Combination 
or Unlabeled",NA,1.021440536,1.04203691,1.066177113,1.2196,1,-0.000979288009184707,-0.001000284469,NA
2014-09-30,"Cost Plus Fixed Fee","R&D","MilitaryHealth","08:22.5",7723444,1,"Other DoD","Other DoD","MilitaryHealth",FALSE,"R&D","R&D","R&D","Other Services","U","Cost (Other)","Cost+","Cost+","","Other",NA,"Combination 
or Unlabeled",NA,1.021440536,1.04203691,1.066177113,1.2196,1,0.0075613251362094,0.007723444,6.88781100197644
2014-09-30,"Firm Fixed Price","Clothing & Subsistence","MilitaryHealth","08:22.5",3098476.797,17,"Other DoD","Other DoD","MilitaryHealth",FALSE,"Products","Products (All)","Clothing & Subsistence","Clothing & Sub.","J","Fixed Price (Firm)","Fixed","Fixed","FALSE","Fixed",NA,"Combination 
or Unlabeled",NA,1.021440536,1.04203691,1.066177113,1.2196,1,0.00303343825489221,0.003098476797,6.49114824827573
2014-09-30,"Cost No Fee","MED","MilitaryHealth","08:22.5",21549899.38,8,"Other DoD","Other DoD","MilitaryHealth",FALSE,"MED","Services (Non-R&D)","Services (Non-R&D)","Other Services","S","Cost (Other)","Cost+","Cost+","","Other",NA,"Combination 
or Unlabeled",NA,1.021440536,1.04203691,1.066177113,1.2196,1,0.021097556461182,0.02154989938,7.33344524670961
2014-09-30,"Cost Plus Fixed Fee","MED","MilitaryHealth","08:22.5",9593928384,407,"Other DoD","Other DoD","MilitaryHealth",FALSE,"MED","Services (Non-R&D)","Services (Non-R&D)","Other Services","U","Cost (Other)","Cost+","Cost+","","Other",NA,"Combination 
or Unlabeled",NA,1.021440536,1.04203691,1.066177113,1.2196,1,9.39254713893595,9.593928384,9.98199647225478
2014-09-30,"Order Dependent (IDV only)","MED","MilitaryHealth","08:22.5",0,NA,"Other DoD","Other DoD","MilitaryHealth",FALSE,"MED","Services (Non-R&D)","Services (Non-R&D)","Other Services","1","Unlabeled","Unlabeled","Unlabeled","Unlabeled","Unlabeled",1,"Other",1,1.021440536,1.04203691,1.066177113,1.2196,1,0,0,0
2014-09-30,"Firm Fixed Price","Electronics & Communications","MilitaryHealth","08:22.5",48277770.5,174,"Other DoD","Other DoD","MilitaryHealth",FALSE,"Products","Products (All)","Electronics & Communications","Electronics & Comm.","J","Fixed Price (Firm)","Fixed","Fixed","FALSE","Fixed",NA,"Combination 
or Unlabeled",NA,1.021440536,1.04203691,1.066177113,1.2196,1,0.0472643965052117,0.0482777705,7.68374720587634
2014-09-30,"Labor Hours","ICT","MilitaryHealth","08:22.5",0,1,"Other DoD","Other DoD","MilitaryHealth",FALSE,"ICT","Services (Non-R&D)","Services (Non-R&D)","ICT","Z","Time/Mat.","Time/Mat.","Other","FALSE","Other",1,"Other",1,1.021440536,1.04203691,1.066177113,1.2196,1,0,0,0
2014-09-30,"Firm Fixed Price","MED","MilitaryHealth","08:22.5",1795699787,271,"Other DoD","Other DoD","MilitaryHealth",FALSE,"MED","Services (Non-R&D)","Services (Non-R&D)","Other Services","J","Fixed Price (Firm)","Fixed","Fixed","FALSE","Fixed",NA,"Combination 
or Unlabeled",NA,1.021440536,1.04203691,1.066177113,1.2196,1,1.75800717096272,1.795699787,9.25423373113557
2014-09-30,"Fixed Price Award Fee","PAMS","MilitaryHealth","08:22.5",0,1,"Other DoD","Other DoD","MilitaryHealth",FALSE,"PAMS","Services (Non-R&D)","Services","PAMS","M","Fixed Price (Other)","Fixed","Fixed","FALSE","Fixed",0,"Fixed Price",0,1.021440536,1.04203691,1.066177113,1.2196,1,0,0,0
2014-09-30,"Time and Materials","PAMS","MilitaryHealth","08:22.5",3844501.79,10,"Other DoD","Other DoD","MilitaryHealth",FALSE,"PAMS","Services (Non-R&D)","Services","PAMS","Y","Time/Mat.","Time/Mat.","Other","FALSE","Other",1,"Other",1,1.021440536,1.04203691,1.066177113,1.2196,1,0.00376380381872763,0.00384450179,6.58484006744748
Source: FPDS and CSIS analysisAvailable online at www.csis.org/NSPIR/DoD